location_id,country,market,region,state,city,postal_code
1,United States,US,East,New York,New York City,10024.0
2,Australia,APAC,Oceania,New South Wales,Wollongong,N/A
3,Australia,APAC,Oceania,Queensland,Brisbane,N/A
4,Germany,EU,Central,Berlin,Berlin,N/A
5,Senegal,Africa,Africa,Dakar,Dakar,N/A
6,Australia,APAC,Oceania,New South Wales,Sydney,N/A
7,New Zealand,APAC,Oceania,Wellington,Porirua,N/A
8,New Zealand,APAC,Oceania,Waikato,Hamilton,N/A
9,United States,US,West,California,Sacramento,95823.0
10,United States,US,South,North Carolina,Concord,28027.0
11,United States,US,South,Virginia,Alexandria,22304.0
12,Afghanistan,APAC,Central Asia,Kabul,Kabul,N/A
13,Saudi Arabia,EMEA,EMEA,Jizan,Jizan,N/A
14,Brazil,LATAM,South,Parana,Toledo,N/A
15,China,APAC,North Asia,Heilongjiang,Mudanjiang,N/A
16,France,EU,Central,Ile-de-France,Paris,N/A
17,United States,US,South,Kentucky,Henderson,42420.0
18,Italy,EU,South,Tuscany,Prato,N/A
19,Australia,APAC,Oceania,Queensland,Townsville,N/A
20,Tanzania,Africa,Africa,Kigoma,Uvinza,N/A
21,Poland,EMEA,EMEA,Silesia,Bytom,N/A
22,United States,US,Central,Illinois,Chicago,60610.0
23,China,APAC,North Asia,Anhui,Suzhou,N/A
24,United Kingdom,EU,North,Scotland,Edinburgh,N/A
25,Mexico,LATAM,North,Chihuahua,Juárez,N/A
26,El Salvador,LATAM,Central,San Salvador,Soyapango,N/A
27,Taiwan,APAC,North Asia,Taipei City,Taipei,N/A
28,Germany,EU,Central,Saxony,Leipzig,N/A
29,United States,US,West,California,Los Angeles,90008.0
30,India,APAC,Central Asia,Gujarat,Surat,N/A
31,Dominican Republic,LATAM,Caribbean,Santo Domingo,Santo Domingo,N/A
32,France,EU,Central,Brittany,Saint-Brieuc,N/A
33,United States,US,Central,Texas,Amarillo,79109.0
34,Australia,APAC,Oceania,Queensland,Gold Coast,N/A
35,United States,US,West,California,Fresno,93727.0
36,Democratic Republic of the Congo,Africa,Africa,Katanga,Kamina,N/A
37,United States,US,East,New York,New York City,10009.0
38,United States,US,South,North Carolina,Burlington,27217.0
39,United Kingdom,EU,North,England,Stockton-on-Tees,N/A
40,Indonesia,APAC,Southeast Asia,Nusa Tenggara Barat,Mataram,N/A
41,India,APAC,Central Asia,Haryana,Gorakhpur,N/A
42,India,APAC,Central Asia,Kerala,Thiruvananthapuram,N/A
43,United Kingdom,EU,North,England,Huddersfield,N/A
44,United States,US,Central,Minnesota,Minneapolis,55407.0
45,France,EU,Central,Ile-de-France,Montreuil,N/A
46,China,APAC,North Asia,Shandong,Shouguang,N/A
47,India,APAC,Central Asia,Jharkhand,Jamshedpur,N/A
48,Uruguay,LATAM,South,Paysandú,Paysandú,N/A
49,Iran,EMEA,EMEA,Mazandaran,Behshahr,N/A
50,United States,US,West,California,Huntington Beach,92646.0
51,Mozambique,Africa,Africa,Cidade De Maputo,Maputo,N/A
52,India,APAC,Central Asia,Madhya Pradesh,Bhopal,N/A
53,United States,US,West,Washington,Seattle,98115.0
54,India,APAC,Central Asia,Delhi,Delhi,N/A
55,Australia,APAC,Oceania,Western Australia,Geraldton,N/A
56,United States,US,South,Florida,Tallahassee,32303.0
57,Bangladesh,APAC,Central Asia,Dhaka,Dhaka,N/A
58,Germany,EU,Central,Lower Saxony,Munster,N/A
59,Germany,EU,Central,Lower Saxony,Celle,N/A
60,China,APAC,North Asia,Jiangsu,Wuxi,N/A
61,United States,US,South,Virginia,Richmond,23223.0
62,Spain,EU,South,Andalusía,Seville,N/A
63,India,APAC,Central Asia,Uttarakhand,Raipur,N/A
64,Mexico,LATAM,North,Durango,Gómez Palacio,N/A
65,Ukraine,EMEA,EMEA,Kharkiv,Kharkiv,N/A
66,China,APAC,North Asia,Shandong,Jinan,N/A
67,Nicaragua,LATAM,Central,Chinandega,Chinandega,N/A
68,Democratic Republic of the Congo,Africa,Africa,Kasai-Occidental,Kananga,N/A
69,Indonesia,APAC,Southeast Asia,Sumatera Selatan,Palembang,N/A
70,United Kingdom,EU,North,England,London,N/A
71,Australia,APAC,Oceania,Victoria,Melbourne,N/A
72,United States,US,South,Georgia,Atlanta,30318.0
73,Germany,EU,Central,North Rhine-Westphalia,Duisburg,N/A
74,China,APAC,North Asia,Sichuan,Nanchong,N/A
75,India,APAC,Central Asia,West Bengal,Naihati,N/A
76,France,EU,Central,Nord-Pas-de-Calais,Lille,N/A
77,Morocco,Africa,Africa,Meknès-Tafilalet,Meknes,N/A
78,United States,US,Central,Michigan,Jackson,49201.0
79,United States,US,East,Pennsylvania,Philadelphia,19134.0
80,Germany,EU,Central,North Rhine-Westphalia,Krefeld,N/A
81,Indonesia,APAC,Southeast Asia,Jawa Barat,Bandung,N/A
82,Morocco,Africa,Africa,Grand Casablanca,Casablanca,N/A
83,Bangladesh,APAC,Central Asia,Dhaka,Tongi,N/A
84,United States,US,West,Nevada,Henderson,89015.0
85,Canada,Canada,Canada,Quebec,Montréal,N/A
86,Philippines,APAC,Southeast Asia,National Capital,Manila,N/A
87,Australia,APAC,Oceania,New South Wales,Newcastle,N/A
88,Austria,EU,Central,Styria,Graz,N/A
89,Australia,APAC,Oceania,New South Wales,Nowra,N/A
90,France,EU,Central,Ile-de-France,Boulogne-Billancourt,N/A
91,France,EU,Central,Ile-de-France,Malakoff,N/A
92,Democratic Republic of the Congo,Africa,Africa,Kinshasa,Kinshasa,N/A
93,Australia,APAC,Oceania,Western Australia,Perth,N/A
94,France,EU,Central,Aquitaine,Le Bouscat,N/A
95,Mexico,LATAM,North,Puebla,Puebla,N/A
96,Germany,EU,Central,Bavaria,Augsburg,N/A
97,France,EU,Central,Provence-Alpes-Côte d'Azur,Nice,N/A
98,United States,US,West,Washington,Seattle,98105.0
99,Colombia,LATAM,South,Antioquia,Medellín,N/A
100,Netherlands,EU,Central,North Brabant,Bergen op Zoom,N/A
101,United States,US,East,New Jersey,Lakewood,8701.0
102,Germany,EU,Central,Lower Saxony,Hanover,N/A
103,Spain,EU,South,Galicia,Vigo,N/A
104,China,APAC,North Asia,Jiangsu,Gaoyou,N/A
105,United States,US,West,California,Los Angeles,90045.0
106,Germany,EU,Central,Bremen,Bremen,N/A
107,France,EU,Central,Midi-Pyrénées,Muret,N/A
108,China,APAC,North Asia,Sichuan,Zigong,N/A
109,Australia,APAC,Oceania,South Australia,Adelaide,N/A
110,United States,US,Central,Michigan,Detroit,48205.0
111,France,EU,Central,Ile-de-France,Chelles,N/A
112,Malaysia,APAC,Southeast Asia,Pahang,Kuantan,N/A
113,United States,US,South,Virginia,Harrisonburg,22801.0
114,United States,US,East,Pennsylvania,Philadelphia,19120.0
115,United States,US,East,Massachusetts,Everett,2149.0
116,Ecuador,LATAM,South,Pichincha,Quito,N/A
117,India,APAC,Central Asia,Gujarat,Vadodara,N/A
118,China,APAC,North Asia,Hainan,Sanya,N/A
119,Thailand,APAC,Southeast Asia,Bangkok,Bangkok,N/A
120,United States,US,West,California,San Diego,92037.0
121,Indonesia,APAC,Southeast Asia,Jawa Barat,Tasikmalaya,N/A
122,Mexico,LATAM,North,Sonora,Guaymas,N/A
123,China,APAC,North Asia,Hubei,Wuhan,N/A
124,United States,US,Central,Wisconsin,Madison,53711.0
125,Brazil,LATAM,South,São Paulo,Salto,N/A
126,Italy,EU,South,Veneto,Treviso,N/A
127,Somalia,Africa,Africa,Woqooyi Galbeed,Hargeysa,N/A
128,United States,US,West,California,Long Beach,90805.0
129,Indonesia,APAC,Southeast Asia,Yogyakarta,Yogyakarta,N/A
130,China,APAC,North Asia,Liaoning,Anshan,N/A
131,United States,US,East,New York,New York City,10035.0
132,Netherlands,EU,Central,North Holland,Amsterdam,N/A
133,France,EU,Central,Upper Normandy,Le Petit-Quevilly,N/A
134,Germany,EU,Central,North Rhine-Westphalia,Bochum,N/A
135,Germany,EU,Central,Hamburg,Hamburg,N/A
136,United States,US,Central,Texas,Houston,77036.0
137,Guatemala,LATAM,Central,Guatemala,Mixco,N/A
138,United States,US,East,New York,Yonkers,10701.0
139,Mexico,LATAM,North,Michoacán,Morelia,N/A
140,China,APAC,North Asia,Jilin,Changchun,N/A
141,Spain,EU,South,Madrid,Madrid,N/A
142,Saudi Arabia,EMEA,EMEA,Makkah,Jeddah,N/A
143,United States,US,Central,Oklahoma,Norman,73071.0
144,Indonesia,APAC,Southeast Asia,Sumatera Utara,Medan,N/A
145,Indonesia,APAC,Southeast Asia,Jakarta,Jakarta,N/A
146,United States,US,East,Ohio,Lancaster,43130.0
147,Indonesia,APAC,Southeast Asia,Jawa Tengah,Surakarta,N/A
148,China,APAC,North Asia,Beijing,Beijing,N/A
149,Mexico,LATAM,North,Hidalgo,Tulancingo,N/A
150,Belarus,EMEA,EMEA,Brest,Brest,N/A
151,Spain,EU,South,Valenciana,Valencia,N/A
152,United States,US,South,North Carolina,Charlotte,28205.0
153,Ukraine,EMEA,EMEA,Zhytomyr,Zhytomyr,N/A
154,France,EU,Central,Ile-de-France,Argenteuil,N/A
155,France,EU,Central,Aquitaine,Talence,N/A
156,India,APAC,Central Asia,Bihar,Aurangabad,N/A
157,France,EU,Central,Ile-de-France,Plaisir,N/A
158,United Kingdom,EU,North,England,Harrogate,N/A
159,Cambodia,APAC,Southeast Asia,Phnom Penh,Phnom Penh,N/A
160,Australia,APAC,Oceania,Queensland,Mackay,N/A
161,United States,US,West,Nevada,North Las Vegas,89031.0
162,Indonesia,APAC,Southeast Asia,Jambi,Jambi,N/A
163,United States,US,West,California,Los Angeles,90049.0
164,Germany,EU,Central,North Rhine-Westphalia,Moers,N/A
165,United States,US,East,Delaware,Newark,19711.0
166,China,APAC,North Asia,Guangdong,Shenzhen,N/A
167,Australia,APAC,Oceania,Tasmania,Launceston,N/A
168,Philippines,APAC,Southeast Asia,National Capital,Marikina,N/A
169,South Africa,Africa,Africa,Gauteng,Johannesburg,N/A
170,Spain,EU,South,Basque Country,Barakaldo,N/A
171,United States,US,East,Rhode Island,Providence,2908.0
172,United States,US,East,New York,Long Beach,11561.0
173,China,APAC,North Asia,Shandong,Qingdao,N/A
174,United States,US,West,California,San Francisco,94122.0
175,Iran,EMEA,EMEA,Fars,Shiraz,N/A
176,India,APAC,Central Asia,Jharkhand,Bokaro,N/A
177,Japan,APAC,North Asia,Shizuoka,Fuji,N/A
178,Spain,EU,South,Valenciana,Benidorm,N/A
179,India,APAC,Central Asia,Kerala,Kozhikode,N/A
180,Malaysia,APAC,Southeast Asia,Kuala Lumpur,Kuala Lumpur,N/A
181,Russia,EMEA,EMEA,Astrakhan',Astrakhan',N/A
182,United States,US,East,Ohio,Columbus,43229.0
183,China,APAC,North Asia,Hunan,Xiangtan,N/A
184,China,APAC,North Asia,Zhejiang,Shaoxing,N/A
185,India,APAC,Central Asia,Madhya Pradesh,Jabalpur,N/A
186,India,APAC,Central Asia,Bihar,Patna,N/A
187,France,EU,Central,Pays de la Loire,La Baule-Escoublac,N/A
188,France,EU,Central,Burgundy,Dijon,N/A
189,United States,US,West,California,Los Angeles,90032.0
190,South Africa,Africa,Africa,Western Cape,Cape Town,N/A
191,Egypt,Africa,Africa,Al Qahirah,Cairo,N/A
192,United Kingdom,EU,North,England,West Bromwich,N/A
193,United States,US,Central,Michigan,Detroit,48227.0
194,Azerbaijan,EMEA,EMEA,Baki,Baku,N/A
195,United Kingdom,EU,North,England,Burnley,N/A
196,France,EU,Central,Pays de la Loire,Laval,N/A
197,Lithuania,EMEA,EMEA,Vilnius,Vilnius,N/A
198,Argentina,LATAM,South,Buenos Aires,Buenos Aires,N/A
199,Egypt,Africa,Africa,Suhaj,Girga,N/A
200,India,APAC,Central Asia,Kerala,Kochi,N/A
201,Lesotho,Africa,Africa,Maseru,Maseru,N/A
202,New Zealand,APAC,Oceania,Wellington,Wellington,N/A
203,China,APAC,North Asia,Henan,Luoyang,N/A
204,Brazil,LATAM,South,Bahia,Feira de Santana,N/A
205,Nicaragua,LATAM,Central,Matagalpa,Matagalpa,N/A
206,United States,US,South,Virginia,Virginia Beach,23464.0
207,Nicaragua,LATAM,Central,Managua,Managua,N/A
208,China,APAC,North Asia,Inner Mongolia,Wuhai,N/A
209,France,EU,Central,Pays de la Loire,Nantes,N/A
210,France,EU,Central,Alsace,Strasbourg,N/A
211,Indonesia,APAC,Southeast Asia,Jawa Timur,Surabaya,N/A
212,Brazil,LATAM,South,São Paulo,Tupã,N/A
213,Austria,EU,Central,Vienna,Vienna,N/A
214,Mexico,LATAM,North,Distrito Federal,Mexico City,N/A
215,Australia,APAC,Oceania,Tasmania,Hobart,N/A
216,Japan,APAC,North Asia,Osaka,Hirakata,N/A
217,United Kingdom,EU,North,England,Preston,N/A
218,India,APAC,Central Asia,Uttar Pradesh,Agra,N/A
219,Spain,EU,South,Catalonia,Granollers,N/A
220,Vietnam,APAC,Southeast Asia,Ho Chí Minh City,Ho Chi Minh City,N/A
221,Cuba,LATAM,Caribbean,Camagüey,Camagüey,N/A
222,United States,US,East,New Jersey,Morristown,7960.0
223,Romania,EMEA,EMEA,Neamt,Piatra-Neamt,N/A
224,Mexico,LATAM,North,Distrito Federal,Milpa Alta,N/A
225,Mexico,LATAM,North,Guanajuato,León,N/A
226,United States,US,West,California,San Francisco,94110.0
227,Turkey,EMEA,EMEA,Izmir,Izmir,N/A
228,Mexico,LATAM,North,Distrito Federal,Coyoacán,N/A
229,New Zealand,APAC,Oceania,Auckland,Manukau City,N/A
230,Cameroon,Africa,Africa,Centre,Yaounde,N/A
231,United Kingdom,EU,North,England,Newcastle upon Tyne,N/A
232,India,APAC,Central Asia,Uttarakhand,Dehra Dun,N/A
233,Spain,EU,South,Cantabria,Santander,N/A
234,China,APAC,North Asia,Hebei,Cangzhou,N/A
235,China,APAC,North Asia,Shanghai,Shanghai,N/A
236,Nicaragua,LATAM,Central,León,León,N/A
237,Russia,EMEA,EMEA,Yaroslavl',Rybinsk,N/A
238,Brazil,LATAM,South,São Paulo,Ibiúna,N/A
239,Australia,APAC,Oceania,Australian Capital Territory,Canberra,N/A
240,South Africa,Africa,Africa,Eastern Cape,Port Elizabeth,N/A
241,United States,US,East,Ohio,Newark,43055.0
242,United Kingdom,EU,North,England,Cambridge,N/A
243,India,APAC,Central Asia,Chhattisgarh,Kota,N/A
244,New Zealand,APAC,Oceania,Canterbury,Christchurch,N/A
245,France,EU,Central,Ile-de-France,Vincennes,N/A
246,China,APAC,North Asia,Chongqing,Chongqing,N/A
247,Hungary,EMEA,EMEA,Bekes,Gyula,N/A
248,India,APAC,Central Asia,Uttar Pradesh,Lucknow,N/A
249,United States,US,South,Kentucky,Florence,41042.0
250,Italy,EU,South,Piedmont,Turin,N/A
251,United States,US,Central,Missouri,Springfield,65807.0
252,Singapore,APAC,Southeast Asia,Singapore,Singapore,N/A
253,Angola,Africa,Africa,Benguela,Benguela,N/A
254,United States,US,Central,Indiana,Lafayette,47905.0
255,Japan,APAC,North Asia,Hyogo,Himeji,N/A
256,Indonesia,APAC,Southeast Asia,Sulawesi Tenggara,Kendari,N/A
257,El Salvador,LATAM,Central,San Salvador,Mejicanos,N/A
258,Spain,EU,South,Catalonia,Barcelona,N/A
259,France,EU,Central,Provence-Alpes-Côte d'Azur,Menton,N/A
260,United States,US,South,Alabama,Huntsville,35810.0
261,France,EU,Central,Auvergne,Clermont-Ferrand,N/A
262,Romania,EMEA,EMEA,Buzau,Buzau,N/A
263,Brazil,LATAM,South,Paraíba,Bayeux,N/A
264,United States,US,South,Georgia,Columbus,31907.0
265,United States,US,Central,Texas,San Antonio,78207.0
266,Australia,APAC,Oceania,Northern Territory,Darwin,N/A
267,United States,US,East,New York,Jamestown,14701.0
268,France,EU,Central,Lower Normandy,Bayeux,N/A
269,France,EU,Central,Nord-Pas-de-Calais,Lens,N/A
270,France,EU,Central,Brittany,Lannion,N/A
271,Germany,EU,Central,North Rhine-Westphalia,Iserlohn,N/A
272,Democratic Republic of the Congo,Africa,Africa,Katanga,Kalemie,N/A
273,Belgium,EU,Central,East Flanders,Ghent,N/A
274,United States,US,Central,Indiana,Indianapolis,46203.0
275,France,EU,Central,Provence-Alpes-Côte d'Azur,Marseille,N/A
276,Pakistan,APAC,Central Asia,Punjab,Lahore,N/A
277,France,EU,Central,Rhône-Alpes,Grenoble,N/A
278,Finland,EU,North,Uusimaa,Espoo,N/A
279,Australia,APAC,Oceania,South Australia,Whyalla,N/A
280,France,EU,Central,Ile-de-France,Ivry-sur-Seine,N/A
281,India,APAC,Central Asia,Uttar Pradesh,Kanpur,N/A
282,France,EU,Central,Provence-Alpes-Côte d'Azur,Saint-Laurent-du-Var,N/A
283,Colombia,LATAM,South,Bolívar,Cartagena,N/A
284,Mexico,LATAM,North,Quintana Roo,Cancún,N/A
285,China,APAC,North Asia,Heilongjiang,Harbin,N/A
286,Ghana,Africa,Africa,Ashanti,Kumasi,N/A
287,India,APAC,Central Asia,Tamil Nadu,Salem,N/A
288,France,EU,Central,Pays de la Loire,Angers,N/A
289,Iran,EMEA,EMEA,Lorestan,Khorramabad,N/A
290,India,APAC,Central Asia,Tamil Nadu,Chennai,N/A
291,Italy,EU,South,Apulia,Barletta,N/A
292,United Kingdom,EU,North,England,Tamworth,N/A
293,India,APAC,Central Asia,West Bengal,Kulti,N/A
294,France,EU,Central,Pays de la Loire,Le Mans,N/A
295,China,APAC,North Asia,Sichuan,Mianyang,N/A
296,Mexico,LATAM,North,Nuevo León,Cadereyta,N/A
297,Australia,APAC,Oceania,Queensland,Bundaberg,N/A
298,Brazil,LATAM,South,Goiás,Valparaíso de Goiás,N/A
299,Indonesia,APAC,Southeast Asia,Sulawesi Utara,Manado,N/A
300,India,APAC,Central Asia,Bihar,Muzaffarpur,N/A
301,Iran,EMEA,EMEA,Kermanshah,Kermanshah,N/A
302,India,APAC,Central Asia,Maharashtra,Thane,N/A
303,Colombia,LATAM,South,Santander,Piedecuesta,N/A
304,India,APAC,Central Asia,Karnataka,Bangalore,N/A
305,China,APAC,North Asia,Fujian,Xiamen,N/A
306,United States,US,Central,Michigan,Detroit,48234.0
307,Zambia,Africa,Africa,Copperbelt,Kitwe,N/A
308,China,APAC,North Asia,Guangdong,Jieyang,N/A
309,Japan,APAC,North Asia,Shizuoka,Hamamatsu,N/A
310,China,APAC,North Asia,Zhejiang,Ningbo,N/A
311,India,APAC,Central Asia,Rajasthan,Jodhpur,N/A
312,Germany,EU,Central,Thuringia,Weimar,N/A
313,New Zealand,APAC,Oceania,Auckland,Auckland,N/A
314,Democratic Republic of the Congo,Africa,Africa,Katanga,Lubumbashi,N/A
315,United States,US,Central,Wisconsin,Franklin,53132.0
316,United States,US,Central,Nebraska,Omaha,68104.0
317,India,APAC,Central Asia,Maharashtra,Nagpur,N/A
318,Mexico,LATAM,North,Tabasco,Villahermosa,N/A
319,France,EU,Central,Rhône-Alpes,Oyonnax,N/A
320,Mexico,LATAM,North,México,Metepec,N/A
321,United States,US,West,California,Santa Ana,92704.0
322,France,EU,Central,Ile-de-France,Antony,N/A
323,Mexico,LATAM,North,Sinaloa,Culiacán,N/A
324,United States,US,South,Alabama,Mobile,36608.0
325,Iraq,EMEA,EMEA,Maysan,Al Amarah,N/A
326,Iran,EMEA,EMEA,Razavi Khorasan,Mashhad,N/A
327,United States,US,South,Virginia,Springfield,22153.0
328,India,APAC,Central Asia,Gujarat,Bhavnagar,N/A
329,Italy,EU,South,Lazio,Rome,N/A
330,Spain,EU,South,Balearic Islands,Palma de Mallorca,N/A
331,France,EU,Central,Rhône-Alpes,Saint-Priest,N/A
332,Hungary,EMEA,EMEA,Gyor,Gyor,N/A
333,Liberia,Africa,Africa,Montserrado,Monrovia,N/A
334,Cuba,LATAM,Caribbean,Santiago de Cuba,Santiago de Cuba,N/A
335,Colombia,LATAM,South,Bogota,Bogotá,N/A
336,Germany,EU,Central,Bavaria,Erlangen,N/A
337,Georgia,EMEA,EMEA,Tbilisi,Tbilisi,N/A
338,India,APAC,Central Asia,Rajasthan,Jaipur,N/A
339,China,APAC,North Asia,Gansu,Suzhou,N/A
340,Italy,EU,South,Emilia-Romagna,Reggio nell'Emilia,N/A
341,Mexico,LATAM,North,Distrito Federal,Azcapotzalco,N/A
342,Poland,EMEA,EMEA,Lublin,Lublin,N/A
343,Switzerland,EU,Central,Zürich,Zurich,N/A
344,Albania,EMEA,EMEA,Elbasan,Elbasan,N/A
345,Russia,EMEA,EMEA,Voronezh,Voronezh,N/A
346,Japan,APAC,North Asia,Yamaguchi,Shimonoseki,N/A
347,Indonesia,APAC,Southeast Asia,Sulawesi Tengah,Palu,N/A
348,India,APAC,Central Asia,Manipur,Imphal,N/A
349,China,APAC,North Asia,Liaoning,Shenyang,N/A
350,United States,US,East,Pennsylvania,Bethlehem,18018.0
351,Chad,Africa,Africa,Mandoul,Koumra,N/A
352,Australia,APAC,Oceania,Victoria,Ballarat,N/A
353,Montenegro,EMEA,EMEA,Podgorica,Podgorica,N/A
354,Brazil,LATAM,South,São Paulo,Ribeirão Preto,N/A
355,Mexico,LATAM,North,Jalisco,Zapopan,N/A
356,Canada,Canada,Canada,Ontario,Guelph,N/A
357,United States,US,West,Washington,Bellingham,98226.0
358,France,EU,Central,Aquitaine,Bordeaux,N/A
359,Iran,EMEA,EMEA,Hamadan,Hamadan,N/A
360,Namibia,Africa,Africa,Khomas,Windhoek,N/A
361,Netherlands,EU,Central,North Brabant,Eindhoven,N/A
362,Guatemala,LATAM,Central,Quezaltenango,Quetzaltenango,N/A
363,El Salvador,LATAM,Central,La Libertad,Antiguo Cuscatlán,N/A
364,United States,US,East,Rhode Island,Cranston,2920.0
365,Cuba,LATAM,Caribbean,Guantánamo,Guantánamo,N/A
366,Philippines,APAC,Southeast Asia,Western Visayas,Bacolod City,N/A
367,Australia,APAC,Oceania,Western Australia,Kwinana,N/A
368,France,EU,Central,Ile-de-France,Deuil-la-Barre,N/A
369,United States,US,South,Louisiana,Lafayette,70506.0
370,Portugal,EU,South,Lisboa,Lisbon,N/A
371,India,APAC,Central Asia,Uttar Pradesh,Jhansi,N/A
372,India,APAC,Central Asia,Maharashtra,Amravati,N/A
373,China,APAC,North Asia,Liaoning,Wafangdian,N/A
374,Dominican Republic,LATAM,Caribbean,San Juan,San Juan de la Maguana,N/A
375,United States,US,Central,Illinois,Chicago,60623.0
376,Madagascar,Africa,Africa,Analamanga,Antananarivo,N/A
377,Russia,EMEA,EMEA,Bashkortostan,Ufa,N/A
378,Iran,EMEA,EMEA,Tehran,Tehran,N/A
379,Australia,APAC,Oceania,Victoria,Bendigo,N/A
380,Pakistan,APAC,Central Asia,Baluchistan,Quetta,N/A
381,Italy,EU,South,Veneto,Rovigo,N/A
382,Colombia,LATAM,South,Cundinamarca,Soacha,N/A
383,United Kingdom,EU,North,England,Dudley,N/A
384,Austria,EMEA,EMEA,Vienna,Vienna,N/A
385,France,EU,Central,Ile-de-France,Ris-Orangis,N/A
386,France,EU,Central,Ile-de-France,Levallois-Perret,N/A
387,Ukraine,EMEA,EMEA,Volyn,Luts'k,N/A
388,El Salvador,LATAM,Central,San Salvador,San Salvador,N/A
389,United States,US,East,Ohio,Lorain,44052.0
390,United Kingdom,EU,North,England,Stoke-on-Trent,N/A
391,Brazil,LATAM,South,São Paulo,São Paulo,N/A
392,China,APAC,North Asia,Anhui,Huaibei,N/A
393,United States,US,West,Utah,Lehi,84043.0
394,New Zealand,APAC,Oceania,Wellington,Masterton,N/A
395,United States,US,West,Washington,Seattle,98103.0
396,New Zealand,APAC,Oceania,Northland,Whangarei,N/A
397,China,APAC,North Asia,Yunnan,Kunming,N/A
398,United States,US,Central,Missouri,Columbia,65203.0
399,Canada,Canada,Canada,British Columbia,Vancouver,N/A
400,Spain,EU,South,Navarra,Pamplona,N/A
401,Sweden,EU,North,Stockholm,Haninge,N/A
402,Spain,EU,South,Asturias,Oviedo,N/A
403,United States,US,Central,Texas,Carrollton,75007.0
404,India,APAC,Central Asia,Maharashtra,Nasik,N/A
405,Spain,EU,South,Valenciana,Torrevieja,N/A
406,Japan,APAC,North Asia,Yamaguchi,Ube,N/A
407,United States,US,East,New York,New York City,10011.0
408,Italy,EU,South,Campania,Pozzuoli,N/A
409,Ukraine,EMEA,EMEA,Poltava,Poltava,N/A
410,Indonesia,APAC,Southeast Asia,Yogyakarta,Depok,N/A
411,Germany,EU,Central,Bavaria,Regensburg,N/A
412,India,APAC,Central Asia,Andhra Pradesh,Visakhapatnam,N/A
413,France,EU,Central,Ile-de-France,Clamart,N/A
414,United States,US,West,California,Los Angeles,90004.0
415,Germany,EU,Central,Lower Saxony,Garbsen,N/A
416,China,APAC,North Asia,Heilongjiang,Jixi,N/A
417,South Africa,Africa,Africa,North-West,Potchefstroom,N/A
418,Russia,EMEA,EMEA,Vladimir,Vladimir,N/A
419,Spain,EU,South,Castile and León,Burgos,N/A
420,India,APAC,Central Asia,Kerala,Kollam,N/A
421,Myanmar (Burma),APAC,Southeast Asia,Yangon,Yangon,N/A
422,France,EU,Central,Ile-de-France,Bondy,N/A
423,France,EU,Central,Aquitaine,Mont-de-Marsan,N/A
424,France,EU,Central,Rhône-Alpes,Lyon,N/A
425,United States,US,Central,Texas,Houston,77095.0
426,Indonesia,APAC,Southeast Asia,Jawa Barat,Depok,N/A
427,Brazil,LATAM,South,São Paulo,Santo André,N/A
428,Germany,EU,Central,North Rhine-Westphalia,Menden,N/A
429,Jamaica,LATAM,Caribbean,Saint Catherine,Spanish Town,N/A
430,New Zealand,APAC,Oceania,Waikato,Taupo,N/A
431,China,APAC,North Asia,Liaoning,Fengcheng,N/A
432,France,EU,Central,Upper Normandy,Vernon,N/A
433,China,APAC,North Asia,Tianjin,Tianjin,N/A
434,Mexico,LATAM,North,Chihuahua,Chihuahua,N/A
435,Spain,EU,South,Valenciana,Elx,N/A
436,Dominican Republic,LATAM,Caribbean,Barahona,Santa Cruz de Barahona,N/A
437,Brazil,LATAM,South,Federal District,Brasília,N/A
438,China,APAC,North Asia,Gansu,Lanzhou,N/A
439,Italy,EU,South,Emilia-Romagna,Bologna,N/A
440,Australia,APAC,Oceania,Northern Territory,Alice Springs,N/A
441,Qatar,EMEA,EMEA,Ad Dawhah,Doha,N/A
442,Italy,EU,South,Lazio,Velletri,N/A
443,Japan,APAC,North Asia,Oita,Matsubara,N/A
444,United Kingdom,EU,North,England,Gloucester,N/A
445,France,EU,Central,Ile-de-France,Puteaux,N/A
446,Australia,APAC,Oceania,Victoria,Geelong,N/A
447,New Zealand,APAC,Oceania,Bay of Plenty,Whakatane,N/A
448,Brazil,LATAM,South,Rio Grande do Norte,Açu,N/A
449,United Kingdom,EU,North,England,Colchester,N/A
450,United States,US,South,Georgia,Sandy Springs,30328.0
451,France,EU,Central,Languedoc-Roussillon,Montpellier,N/A
452,Germany,EU,Central,Hesse,Wetzlar,N/A
453,United States,US,East,Ohio,Cleveland,44105.0
454,China,APAC,North Asia,Hubei,Shashi,N/A
455,China,APAC,North Asia,Jilin,Chaoyang,N/A
456,United Kingdom,EU,North,England,Rugby,N/A
457,United States,US,Central,Texas,Round Rock,78664.0
458,France,EU,Central,Rhône-Alpes,Saint-Chamond,N/A
459,France,EU,Central,Ile-de-France,Fontenay-aux-Roses,N/A
460,China,APAC,North Asia,Inner Mongolia,Baotou,N/A
461,United States,US,Central,Texas,Fort Worth,76106.0
462,Brazil,LATAM,South,Santa Catarina,Joinville,N/A
463,Brazil,LATAM,South,Parana,Colombo,N/A
464,United States,US,East,New Hampshire,Dover,3820.0
465,China,APAC,North Asia,Shandong,Jining,N/A
466,China,APAC,North Asia,Jiangsu,Zhenjiang,N/A
467,United Kingdom,EU,North,England,York,N/A
468,China,APAC,North Asia,Inner Mongolia,Jining,N/A
469,Mexico,LATAM,North,Yucatán,Mérida,N/A
470,Guatemala,LATAM,Central,Guatemala,Villa Nueva,N/A
471,France,EU,Central,Rhône-Alpes,Annecy-le-Vieux,N/A
472,France,EU,Central,Ile-de-France,Drancy,N/A
473,United States,US,South,Florida,Jacksonville,32216.0
474,Tanzania,Africa,Africa,Dar Es Salaam,Dar es Salaam,N/A
475,Germany,EU,Central,Bavaria,Nuremberg,N/A
476,United States,US,West,California,Concord,94521.0
477,China,APAC,North Asia,Hubei,Macheng,N/A
478,Morocco,Africa,Africa,Tadla-Azilal,Beni Mellal,N/A
479,United States,US,South,Georgia,Roswell,30076.0
480,India,APAC,Central Asia,Tamil Nadu,Madurai,N/A
481,Germany,EU,Central,North Rhine-Westphalia,Dortmund,N/A
482,Republic of the Congo,Africa,Africa,Niari,Loubomo,N/A
483,China,APAC,North Asia,Guangdong,Jiangmen,N/A
484,United States,US,East,Ohio,Troy,45373.0
485,Russia,EMEA,EMEA,Kaliningrad,Kaliningrad,N/A
486,Norway,EU,North,Vest-Agder,Kristiansand,N/A
487,Iraq,EMEA,EMEA,Al Qadisiyah,Ad Diwaniyah,N/A
488,United States,US,East,Pennsylvania,Philadelphia,19140.0
489,France,EU,Central,Aquitaine,Bayonne,N/A
490,United States,US,West,Arizona,Avondale,85323.0
491,United States,US,East,Ohio,Fairfield,45014.0
492,Cuba,LATAM,Caribbean,Mayabeque,San José de las Lajas,N/A
493,Algeria,Africa,Africa,Alger,Algiers,N/A
494,United States,US,East,Massachusetts,Lowell,1852.0
495,Turkey,EMEA,EMEA,Istanbul,Istanbul,N/A
496,Lithuania,EMEA,EMEA,Kaunas,Kaunas,N/A
497,Iran,EMEA,EMEA,Ardabil,Ardabil,N/A
498,Mexico,LATAM,North,Baja California,Mexicali,N/A
499,Saudi Arabia,EMEA,EMEA,Makkah,Mecca,N/A
500,Egypt,Africa,Africa,Al Iskandariyah,Alexandria,N/A
501,Australia,APAC,Oceania,New South Wales,Queanbeyan,N/A
502,China,APAC,North Asia,Guangxi,Guilin,N/A
503,China,APAC,North Asia,Shandong,Gaomi,N/A
504,South Africa,Africa,Africa,Gauteng,Pretoria,N/A
505,United Kingdom,EU,North,England,Blackpool,N/A
506,Germany,EU,Central,Mecklenburg-Vorpommern,Schwerin,N/A
507,India,APAC,Central Asia,Uttar Pradesh,Aligarh,N/A
508,Italy,EU,South,Trentino-Alto Adige,Trento,N/A
509,Italy,EU,South,Emilia-Romagna,Ravenna,N/A
510,Switzerland,EU,Central,Basel-Stadt,Basel,N/A
511,Mozambique,Africa,Africa,Maputo,Matola,N/A
512,France,EU,Central,Poitou-Charentes,Poitiers,N/A
513,South Korea,APAC,North Asia,Seoul,Seoul,N/A
514,France,EU,Central,Alsace,Mulhouse,N/A
515,Italy,EU,South,Lombardy,Milan,N/A
516,Malaysia,APAC,Southeast Asia,Sabah,Kota Kinabalu,N/A
517,United States,US,West,Colorado,Denver,80219.0
518,Brazil,LATAM,South,Minas Gerais,Uberaba,N/A
519,France,EU,Central,Ile-de-France,Rueil-Malmaison,N/A
520,United Kingdom,EU,North,England,Crawley,N/A
521,Nigeria,Africa,Africa,Benue,Makurdi,N/A
522,Estonia,EMEA,EMEA,Harjumaa,Tallinn,N/A
523,United Kingdom,EU,North,Wales,Swansea,N/A
524,Brazil,LATAM,South,Parana,Paranaguá,N/A
525,Indonesia,APAC,Southeast Asia,Kalimantan Timur,Samarinda,N/A
526,India,APAC,Central Asia,Andhra Pradesh,Vijayawada,N/A
527,Turkey,EMEA,EMEA,Balikesir,Bandirma,N/A
528,Cote d'Ivoire,Africa,Africa,Fromager,Gagnoa,N/A
529,Honduras,LATAM,Central,Francisco Morazán,Tegucigalpa,N/A
530,France,EU,Central,Ile-de-France,Villiers-le-Bel,N/A
531,Canada,Canada,Canada,Ontario,Brampton,N/A
532,United States,US,East,Maryland,Columbia,21044.0
533,Mexico,LATAM,North,Jalisco,Tlaquepaque,N/A
534,France,EU,Central,Ile-de-France,Saint-Denis,N/A
535,India,APAC,Central Asia,Karnataka,Mangalore,N/A
536,Cuba,LATAM,Caribbean,Sancti Spíritus,Sancti Spíritus,N/A
537,Brazil,LATAM,South,Santa Catarina,Indaial,N/A
538,Norway,EU,North,Hordaland,Bergen,N/A
539,Saudi Arabia,EMEA,EMEA,Ar Riyad,Riyadh,N/A
540,Switzerland,EU,Central,Lucerne,Lucerne,N/A
541,Paraguay,LATAM,South,Central,Fernando de la Mora,N/A
542,United States,US,Central,Indiana,Noblesville,46060.0
543,Iran,EMEA,EMEA,Hamadan,Malayer,N/A
544,Democratic Republic of the Congo,Africa,Africa,Kasai-Oriental,Mbuji-mayi,N/A
545,India,APAC,Central Asia,Madhya Pradesh,Gwalior,N/A
546,China,APAC,North Asia,Fujian,Luoyang,N/A
547,United Kingdom,EU,North,England,Southend-on-Sea,N/A
548,France,EU,Central,Lorraine,Thionville,N/A
549,India,APAC,Central Asia,Jammu and Kashmir,Srinagar,N/A
550,India,APAC,Central Asia,Uttar Pradesh,Allahabad,N/A
551,Indonesia,APAC,Southeast Asia,Jawa Barat,Bekasi,N/A
552,Cote d'Ivoire,Africa,Africa,Haut-Sassandra,Daloa,N/A
553,Mexico,LATAM,North,Coahuila,Saltillo,N/A
554,United States,US,West,California,Anaheim,92804.0
555,United Kingdom,EU,North,England,Woking,N/A
556,Philippines,APAC,Southeast Asia,Cordillera,Baguio City,N/A
557,Russia,EMEA,EMEA,Chelyabinsk,Magnitogorsk,N/A
558,India,APAC,Central Asia,Uttar Pradesh,Varanasi,N/A
559,Brazil,LATAM,South,Espírito Santo,Serra,N/A
560,Italy,EU,South,Tuscany,Florence,N/A
561,United States,US,South,North Carolina,Raleigh,27604.0
562,Italy,EU,South,Abruzzi,Pescara,N/A
563,United States,US,East,Rhode Island,Warwick,2886.0
564,Bangladesh,APAC,Central Asia,Chittagong,Chittagong,N/A
565,Mexico,LATAM,North,Coahuila,Monclova,N/A
566,United Kingdom,EU,North,England,Worthing,N/A
567,Brazil,LATAM,South,São Paulo,Lençóis Paulista,N/A
568,Australia,APAC,Oceania,New South Wales,Coffs Harbour,N/A
569,Iraq,EMEA,EMEA,Baghdad,Baghdad,N/A
570,Italy,EU,South,Apulia,San Severo,N/A
571,Argentina,LATAM,South,San Luis,San Luis,N/A
572,China,APAC,North Asia,Guangdong,Guangzhou,N/A
573,India,APAC,Central Asia,Tamil Nadu,Tiruppur,N/A
574,Mexico,LATAM,North,San Luis Potosí,San Luis Potosí,N/A
575,United States,US,Central,Illinois,Chicago,60653.0
576,France,EU,Central,Ile-de-France,Le Chesnay,N/A
577,Czech Republic,EMEA,EMEA,Prague,Prague,N/A
578,United States,US,Central,Michigan,Lansing,48911.0
579,France,EU,Central,Upper Normandy,Dieppe,N/A
580,France,EU,Central,Provence-Alpes-Côte d'Azur,Gap,N/A
581,United States,US,West,California,Redlands,92374.0
582,China,APAC,North Asia,Heilongjiang,Shuangcheng,N/A
583,Central African Republic,Africa,Africa,Bangui,Bangui,N/A
584,New Zealand,APAC,Oceania,Hawke's Bay,Hastings,N/A
585,United States,US,West,California,Oakland,94601.0
586,Mexico,LATAM,North,Guanajuato,Irapuato,N/A
587,China,APAC,North Asia,Guangdong,Xinyi,N/A
588,India,APAC,Central Asia,Rajasthan,Bhilwara,N/A
589,Belgium,EU,Central,Antwerp,Antwerp,N/A
590,Australia,APAC,Oceania,New South Wales,Orange,N/A
591,New Zealand,APAC,Oceania,Hawke's Bay,Napier,N/A
592,Mexico,LATAM,North,Coahuila,Torreón,N/A
593,Japan,APAC,North Asia,Chiba,Noda,N/A
594,Benin,Africa,Africa,Ouémé,Porto-Novo,N/A
595,France,EU,Central,Nord-Pas-de-Calais,Outreau,N/A
596,United States,US,East,Vermont,Burlington,5408.0
597,United States,US,Central,Oklahoma,Muskogee,74403.0
598,France,EU,Central,Rhône-Alpes,Bourg-en-Bresse,N/A
599,Brazil,LATAM,South,São Paulo,Americana,N/A
600,Iran,EMEA,EMEA,Esfahan,Kashan,N/A
601,Australia,APAC,Oceania,Victoria,Sunbury,N/A
602,Germany,EU,Central,North Rhine-Westphalia,Herford,N/A
603,United States,US,South,Virginia,Chesapeake,23320.0
604,Australia,APAC,Oceania,Queensland,Cairns,N/A
605,Ukraine,EMEA,EMEA,L'viv,L'viv,N/A
606,Norway,EU,North,Oslo,Oslo,N/A
607,Iraq,EMEA,EMEA,Arbil,Arbil,N/A
608,United States,US,West,Washington,Des Moines,98198.0
609,United Kingdom,EU,North,England,Bradford,N/A
610,Dominican Republic,LATAM,Caribbean,San Pedro de Macorís,San Pedro de Macorís,N/A
611,Nicaragua,LATAM,Central,Estelí,Estelí,N/A
612,Spain,EU,South,Basque Country,San Sebastian,N/A
613,France,EU,Central,Alsace,Schiltigheim,N/A
614,United States,US,Central,Wisconsin,Milwaukee,53209.0
615,Cuba,LATAM,Caribbean,Pinar del Río,Consolación del Sur,N/A
616,Morocco,Africa,Africa,Tanger-Tétouan,Tangier,N/A
617,Bolivia,LATAM,South,Oruro,Oruro,N/A
618,Germany,EU,Central,Bavaria,Munich,N/A
619,India,APAC,Central Asia,Maharashtra,Malegaon,N/A
620,Germany,EU,Central,North Rhine-Westphalia,Euskirchen,N/A
621,Japan,APAC,North Asia,Gunma,Sakai,N/A
622,Russia,EMEA,EMEA,Amur,Blagoveshchensk,N/A
623,Mexico,LATAM,North,Baja California,Tijuana,N/A
624,United States,US,East,Pennsylvania,Philadelphia,19143.0
625,India,APAC,Central Asia,Telangana,Hyderabad,N/A
626,France,EU,Central,Ile-de-France,Villeneuve-Saint-Georges,N/A
627,Japan,APAC,North Asia,Gunma,Takasaki,N/A
628,India,APAC,Central Asia,Chhattisgarh,Bhilai,N/A
629,United States,US,West,California,Santa Barbara,93101.0
630,United States,US,East,New York,Rochester,14609.0
631,Albania,EMEA,EMEA,Durrës,Durres,N/A
632,Germany,EU,Central,Hesse,Frankfurt,N/A
633,China,APAC,North Asia,Anhui,Anqing,N/A
634,Mexico,LATAM,North,Tamaulipas,Victoria,N/A
635,United States,US,West,California,San Gabriel,91776.0
636,Chile,LATAM,South,Atacama,Copiapó,N/A
637,United States,US,East,Ohio,Cincinnati,45231.0
638,Mexico,LATAM,North,Baja California,Ensenada,N/A
639,Dominican Republic,LATAM,Caribbean,La Romana,La Romana,N/A
640,Martinique,LATAM,Caribbean,Martinique,Fort-de-France,N/A
641,United Kingdom,EU,North,England,Kingswood,N/A
642,Germany,EU,Central,Rhineland-Palatinate,Trier,N/A
643,United Kingdom,EU,North,England,Leeds,N/A
644,China,APAC,North Asia,Guangdong,Luoyang,N/A
645,Brazil,LATAM,South,Rio de Janeiro,Petrópolis,N/A
646,Finland,EU,North,Uusimaa,Vantaa,N/A
647,United States,US,East,New York,Watertown,13601.0
648,France,EU,Central,Ile-de-France,Noisy-le-Grand,N/A
649,Syria,EMEA,EMEA,Hims,Homs,N/A
650,China,APAC,North Asia,Liaoning,Liaoyang,N/A
651,United States,US,South,North Carolina,Fayetteville,28314.0
652,Brazil,LATAM,South,Tocantins,Araguaína,N/A
653,Indonesia,APAC,Southeast Asia,Bali,Denpasar,N/A
654,France,EU,Central,Provence-Alpes-Côte d'Azur,Toulon,N/A
655,India,APAC,Central Asia,Maharashtra,Pune,N/A
656,United States,US,West,Arizona,Tucson,85705.0
657,United States,US,South,Florida,Miami,33180.0
658,South Korea,APAC,North Asia,Gyeonggi,Goyang,N/A
659,India,APAC,Central Asia,Maharashtra,Kalyan,N/A
660,Bangladesh,APAC,Central Asia,Khulna,Khulna,N/A
661,India,APAC,Central Asia,Tamil Nadu,Avadi,N/A
662,Indonesia,APAC,Southeast Asia,Jawa Tengah,Semarang,N/A
663,Germany,EU,Central,Baden-Württemberg,Stuttgart,N/A
664,Russia,EMEA,EMEA,Chelyabinsk,Chelyabinsk,N/A
665,China,APAC,North Asia,Guangdong,Zhanjiang,N/A
666,United States,US,South,North Carolina,Greenville,27834.0
667,China,APAC,North Asia,Hunan,Yueyang,N/A
668,United States,US,West,Colorado,Pueblo,81001.0
669,Germany,EU,Central,Baden-Württemberg,Reutlingen,N/A
670,France,EU,Central,Nord-Pas-de-Calais,Arras,N/A
671,Japan,APAC,North Asia,Chiba,Matsudo,N/A
672,Cuba,LATAM,Caribbean,Granma,Bayamo,N/A
673,Mexico,LATAM,North,Tamaulipas,Reynosa,N/A
674,United Kingdom,EU,North,England,Chester,N/A
675,Germany,EU,Central,Mecklenburg-Vorpommern,Rostock,N/A
676,Belgium,EU,Central,Namur,Namur,N/A
677,Germany,EU,Central,North Rhine-Westphalia,Aachen,N/A
678,Iran,EMEA,EMEA,Gilan,Rasht,N/A
679,Brazil,LATAM,South,Maranhão,Grajaú,N/A
680,Japan,APAC,North Asia,Saitama,Koshigaya,N/A
681,Lebanon,EMEA,EMEA,Beirut,Beirut,N/A
682,Spain,EU,South,Andalusía,Huelva,N/A
683,China,APAC,North Asia,Anhui,Hefei,N/A
684,United States,US,South,Kentucky,Louisville,40214.0
685,Philippines,APAC,Southeast Asia,National Capital,Valenzuela,N/A
686,India,APAC,Central Asia,Tamil Nadu,Thanjavur,N/A
687,Indonesia,APAC,Southeast Asia,Jawa Tengah,Tegal,N/A
688,Canada,Canada,Canada,Ontario,Kitchener,N/A
689,France,EU,Central,Ile-de-France,Sevran,N/A
690,United Kingdom,EU,North,England,Hastings,N/A
691,Sweden,EU,North,Halland,Halmstad,N/A
692,Netherlands,EU,Central,North Holland,Amstelveen,N/A
693,Italy,EU,South,Campania,Portici,N/A
694,United States,US,East,Ohio,Toledo,43615.0
695,United States,US,West,Nevada,Sparks,89431.0
696,Australia,APAC,Oceania,South Australia,Murray Bridge,N/A
697,China,APAC,North Asia,Shandong,Tengzhou,N/A
698,France,EU,Central,Ile-de-France,Bagneux,N/A
699,Indonesia,APAC,Southeast Asia,Kalimantan Timur,Balikpapan,N/A
700,India,APAC,Central Asia,Punjab,Bhatinda,N/A
701,Mexico,LATAM,North,Veracruz,Poza Rica de Hidalgo,N/A
702,France,EU,Central,Alsace,Colmar,N/A
703,France,EU,Central,Ile-de-France,Clichy-sous-Bois,N/A
704,France,EU,Central,Provence-Alpes-Côte d'Azur,La Seyne-sur-Mer,N/A
705,Philippines,APAC,Southeast Asia,Calabarzon,Antipolo,N/A
706,France,EU,Central,Picardy,Creil,N/A
707,Brazil,LATAM,South,Parana,Curitiba,N/A
708,Morocco,Africa,Africa,Rabat-Salé-Zemmour-Zaer,Sale,N/A
709,Australia,APAC,Oceania,New South Wales,Albury,N/A
710,Turkey,EMEA,EMEA,Kutahya,Kutahya,N/A
711,China,APAC,North Asia,Heilongjiang,Daqing,N/A
712,United States,US,South,Virginia,Waynesboro,22980.0
713,Australia,APAC,Oceania,Queensland,Rockhampton,N/A
714,Ghana,Africa,Africa,Greater Accra,Accra,N/A
715,Brazil,LATAM,South,Minas Gerais,Conselheiro Lafaiete,N/A
716,China,APAC,North Asia,Jiangsu,Jiangdu,N/A
717,Bolivia,LATAM,South,Cochabamba,Cochabamba,N/A
718,United Kingdom,EU,North,England,Wolverhampton,N/A
719,United States,US,West,California,San Francisco,94109.0
720,India,APAC,Central Asia,Maharashtra,Mumbai,N/A
721,Australia,APAC,Oceania,Queensland,Caloundra,N/A
722,Chile,LATAM,South,Biobio,Talcahuano,N/A
723,Chile,LATAM,South,Santiago,Santiago,N/A
724,Kenya,Africa,Africa,Nairobi,Nairobi,N/A
725,United States,US,Central,Illinois,Aurora,60505.0
726,United States,US,Central,Texas,Houston,77070.0
727,New Zealand,APAC,Oceania,Taranaki,New Plymouth,N/A
728,Italy,EU,South,Lombardy,Sesto San Giovanni,N/A
729,United States,US,South,Alabama,Florence,35630.0
730,China,APAC,North Asia,Hebei,Tangshan,N/A
731,Canada,Canada,Canada,Alberta,Edmonton,N/A
732,Australia,APAC,Oceania,New South Wales,Lismore,N/A
733,Mali,Africa,Africa,Sikasso,Sikasso,N/A
734,Brazil,LATAM,South,Amapá,Macapá,N/A
735,United Kingdom,EU,North,England,Nottingham,N/A
736,Australia,APAC,Oceania,Western Australia,Mandurah,N/A
737,Italy,EU,South,Veneto,Venice,N/A
738,Germany,EU,Central,North Rhine-Westphalia,Dormagen,N/A
739,Spain,EU,South,Basque Country,Bilbao,N/A
740,Turkey,EMEA,EMEA,Istanbul,Bagcilar,N/A
741,France,EU,Central,Poitou-Charentes,Bressuire,N/A
742,France,EU,Central,Ile-de-France,Houilles,N/A
743,India,APAC,Central Asia,Maharashtra,Solapur,N/A
744,Italy,EU,South,Tuscany,Capannori,N/A
745,Japan,APAC,North Asia,Saitama,Kawagoe,N/A
746,China,APAC,North Asia,Jiangsu,Yangzhou,N/A
747,Mexico,LATAM,North,Nuevo León,Monterrey,N/A
748,United States,US,Central,Michigan,Ann Arbor,48104.0
749,Libya,Africa,Africa,Misratah,Misratah,N/A
750,Mexico,LATAM,North,Distrito Federal,Tlalpan,N/A
751,Cuba,LATAM,Caribbean,Matanzas,Matanzas,N/A
752,Vietnam,APAC,Southeast Asia,T?nh C?n Th?,Can Tho,N/A
753,United States,US,Central,Indiana,Greenwood,46142.0
754,Cuba,LATAM,Caribbean,Las Tunas,Las Tunas,N/A
755,United States,US,West,Arizona,Phoenix,85023.0
756,United States,US,West,California,San Diego,92105.0
757,France,EU,Central,Ile-de-France,Villeneuve-le-Roi,N/A
758,France,EU,Central,Provence-Alpes-Côte d'Azur,Vitrolles,N/A
759,India,APAC,Central Asia,Tamil Nadu,Tiruchchirappalli,N/A
760,China,APAC,North Asia,Hunan,Hengyang,N/A
761,United States,US,South,Florida,Hialeah,33012.0
762,United States,US,South,Georgia,Marietta,30062.0
763,El Salvador,LATAM,Central,San Salvador,Ilopango,N/A
764,Turkey,EMEA,EMEA,Izmir,Torbali,N/A
765,India,APAC,Central Asia,Maharashtra,Bhiwandi,N/A
766,New Zealand,APAC,Oceania,Manawatu-Wanganui,Palmerston North,N/A
767,China,APAC,North Asia,Henan,Kaifeng,N/A
768,United States,US,West,Colorado,Thornton,80229.0
769,United States,US,South,Kentucky,Georgetown,40324.0
770,United States,US,Central,Texas,Houston,77041.0
771,Chile,LATAM,South,Valparaíso,Villa Alemana,N/A
772,Mexico,LATAM,North,México,Tlalnepantla,N/A
773,Brazil,LATAM,South,Rio de Janeiro,São Gonçalo,N/A
774,United States,US,South,Kentucky,Richmond,40475.0
775,Poland,EMEA,EMEA,Silesia,Katowice,N/A
776,Venezuela,LATAM,South,Lara,Carora,N/A
777,Spain,EU,South,Valenciana,Orihuela,N/A
778,United States,US,Central,Oklahoma,Tulsa,74133.0
779,Iran,EMEA,EMEA,Fars,Fasa,N/A
780,Trinidad and Tobago,LATAM,Caribbean,San Fernando,San Fernando,N/A
781,Germany,EU,Central,Rhineland-Palatinate,Mainz,N/A
782,Germany,EU,Central,North Rhine-Westphalia,Gronau,N/A
783,China,APAC,North Asia,Anhui,Bengbu,N/A
784,Ireland,EU,North,Dublin,Dublin,N/A
785,France,EU,Central,Provence-Alpes-Côte d'Azur,Antibes,N/A
786,Brazil,LATAM,South,Rio Grande do Norte,Natal,N/A
787,France,EU,Central,Brittany,Concarneau,N/A
788,United States,US,South,Florida,Lakeland,33801.0
789,United States,US,West,California,Brentwood,94513.0
790,Germany,EU,Central,North Rhine-Westphalia,Solingen,N/A
791,Australia,APAC,Oceania,Northern Territory,Palmerston,N/A
792,Morocco,Africa,Africa,Marrakech-Tensift-El Haouz,Marrakech,N/A
793,Germany,EU,Central,North Rhine-Westphalia,Cologne,N/A
794,United Kingdom,EU,North,England,Reading,N/A
795,China,APAC,North Asia,Hubei,Xinshi,N/A
796,Bulgaria,EMEA,EMEA,Sofiya-Grad,Sofia,N/A
797,Ukraine,EMEA,EMEA,Dnipropetrovs'k,Kryvyy Rih,N/A
798,France,EU,Central,Ile-de-France,Cachan,N/A
799,United Kingdom,EU,North,England,Carlisle,N/A
800,United States,US,West,Utah,Pleasant Grove,84062.0
801,Colombia,LATAM,South,Quindío,Montenegro,N/A
802,United States,US,South,North Carolina,Asheville,28806.0
803,Malaysia,APAC,Southeast Asia,Perak,Ipoh,N/A
804,China,APAC,North Asia,Hubei,Xiaogan,N/A
805,China,APAC,North Asia,Shanxi,Yuci,N/A
806,Russia,EMEA,EMEA,Dagestan,Makhachkala,N/A
807,China,APAC,North Asia,Jilin,Gongzhuling,N/A
808,Australia,APAC,Oceania,Tasmania,Devonport,N/A
809,Germany,EU,Central,North Rhine-Westphalia,Bottrop,N/A
810,Indonesia,APAC,Southeast Asia,Jawa Timur,Jember,N/A
811,China,APAC,North Asia,Jilin,Shulan,N/A
812,Germany,EU,Central,Baden-Württemberg,Ulm,N/A
813,United Kingdom,EU,North,England,Sheffield,N/A
814,Algeria,Africa,Africa,Guelma,Guelma,N/A
815,Sweden,EU,North,Stockholm,Stockholm,N/A
816,China,APAC,North Asia,Shandong,Liaocheng,N/A
817,Austria,EU,Central,Tyrol,Innsbruck,N/A
818,China,APAC,North Asia,Guangdong,Shantou,N/A
819,United States,US,Central,Illinois,Rockford,61107.0
820,Panama,LATAM,Central,Panama,Panama City,N/A
821,Brazil,LATAM,South,Pernambuco,Cabo de Santo Agostinho,N/A
822,Germany,EU,Central,North Rhine-Westphalia,Castrop-Rauxel,N/A
823,France,EU,Central,Ile-de-France,Saint-Germain-en-Laye,N/A
824,India,APAC,Central Asia,Odisha,Cuttack,N/A
825,Netherlands,EU,Central,North Brabant,Tilburg,N/A
826,Spain,EU,South,Madrid,Parla,N/A
827,India,APAC,Central Asia,Punjab,Ludhiana,N/A
828,China,APAC,North Asia,Shanxi,Xinzhou,N/A
829,United States,US,West,Arizona,Glendale,85301.0
830,France,EU,Central,Poitou-Charentes,La Rochelle,N/A
831,Colombia,LATAM,South,Atlántico,Soledad,N/A
832,Israel,EMEA,EMEA,Tel Aviv,Ramat Aviv,N/A
833,Brazil,LATAM,South,Pernambuco,Paulista,N/A
834,Australia,APAC,Oceania,New South Wales,Wagga Wagga,N/A
835,France,EU,Central,Languedoc-Roussillon,Lunel,N/A
836,Brazil,LATAM,South,Paraíba,Cajazeiras,N/A
837,China,APAC,North Asia,Shandong,Laiyang,N/A
838,France,EU,Central,Ile-de-France,Guyancourt,N/A
839,Spain,EU,South,Castile and León,Zamora,N/A
840,United States,US,Central,Texas,Dallas,75081.0
841,Nigeria,Africa,Africa,Lagos,Lagos,N/A
842,China,APAC,North Asia,Shandong,Ninghai,N/A
843,Indonesia,APAC,Southeast Asia,Jawa Barat,Bogor,N/A
844,France,EU,Central,Lorraine,Nancy,N/A
845,Colombia,LATAM,South,Antioquia,Bello,N/A
846,Guatemala,LATAM,Central,Chimaltenango,Chimaltenango,N/A
847,Canada,Canada,Canada,Ontario,Toronto,N/A
848,Spain,EU,South,Catalonia,El Prat de Llobregat,N/A
849,Indonesia,APAC,Southeast Asia,Sumatera Utara,Pematangsiantar,N/A
850,Spain,EU,South,Castile-La Mancha,Albacete,N/A
851,Cuba,LATAM,Caribbean,Villa Clara,Santa Clara,N/A
852,Brazil,LATAM,South,Parana,Maringá,N/A
853,Chile,LATAM,South,Los Lagos,Osorno,N/A
854,Italy,EU,South,Apulia,Brindisi,N/A
855,United Kingdom,EU,North,England,Doncaster,N/A
856,United States,US,Central,Nebraska,Fremont,68025.0
857,Mexico,LATAM,North,Nuevo León,Santa Catarina,N/A
858,Algeria,Africa,Africa,Annaba,Annaba,N/A
859,Netherlands,EU,Central,Utrecht,Utrecht,N/A
860,Japan,APAC,North Asia,Nagasaki,Nagasaki,N/A
861,Australia,APAC,Oceania,Western Australia,Albany,N/A
862,Philippines,APAC,Southeast Asia,National Capital,Las Pinas,N/A
863,United States,US,West,California,Westminster,92683.0
864,Malaysia,APAC,Southeast Asia,Selangor,Shah Alam,N/A
865,United Kingdom,EU,North,England,Birmingham,N/A
866,Vietnam,APAC,Southeast Asia,Kiên Giang,Rach Gia,N/A
867,China,APAC,North Asia,Guangdong,Dongguan,N/A
868,France,EU,Central,Ile-de-France,Fontainebleau,N/A
869,Bolivia,LATAM,South,Santa Cruz,Santa Cruz de la Sierra,N/A
870,Ukraine,EMEA,EMEA,Donetsk,Donets'k,N/A
871,United States,US,South,North Carolina,Jacksonville,28540.0
872,United Kingdom,EU,North,Wales,Cardiff,N/A
873,United States,US,West,Washington,Spokane,99207.0
874,France,EU,Central,Rhône-Alpes,Villeurbanne,N/A
875,Mexico,LATAM,North,México,Nicolás Romero,N/A
876,Zambia,Africa,Africa,Copperbelt,Chililabombwe,N/A
877,United States,US,East,Maryland,Baltimore,21215.0
878,France,EU,Central,Ile-de-France,Nanterre,N/A
879,China,APAC,North Asia,Xinjiang Uygur,Shihezi,N/A
880,France,EU,Central,Rhône-Alpes,Givors,N/A
881,Haiti,LATAM,Caribbean,Ouest,Carrefour,N/A
882,Romania,EMEA,EMEA,Brasov,Brasov,N/A
883,France,EU,Central,Auvergne,Vichy,N/A
884,Japan,APAC,North Asia,Hiroshima,Kure,N/A
885,United Kingdom,EU,North,England,Derby,N/A
886,Netherlands,EU,Central,Gelderland,Arnhem,N/A
887,Italy,EU,South,Lazio,Aprilia,N/A
888,New Zealand,APAC,Oceania,Auckland,Waitakere,N/A
889,United States,US,Central,North Dakota,Fargo,58103.0
890,United States,US,West,Colorado,Aurora,80013.0
891,Vietnam,APAC,Southeast Asia,Th? Dô Hà N?i,Hanoi,N/A
892,Belgium,EU,Central,Limburg,Genk,N/A
893,Brazil,LATAM,South,Pará,Castanhal,N/A
894,Italy,EU,South,Liguria,La Spezia,N/A
895,China,APAC,North Asia,Jiangsu,Jiangyan,N/A
896,United States,US,East,Delaware,Wilmington,19805.0
897,United States,US,East,Connecticut,Fairfield,6824.0
898,United Kingdom,EU,North,England,Littlehampton,N/A
899,Indonesia,APAC,Southeast Asia,Sumatera Barat,Padang,N/A
900,China,APAC,North Asia,Henan,Yunyang,N/A
901,India,APAC,Central Asia,Rajasthan,Fatehpur,N/A
902,China,APAC,North Asia,Jiangsu,Changshu,N/A
903,Ecuador,LATAM,South,Los Rios,Quevedo,N/A
904,China,APAC,North Asia,Jiangsu,Changzhou,N/A
905,Saudi Arabia,EMEA,EMEA,Al Jawf,Sakaka,N/A
906,United States,US,West,California,Los Angeles,90036.0
907,France,EU,Central,Champagne-Ardenne,Saint-Dizier,N/A
908,United Kingdom,EU,North,England,Stourbridge,N/A
909,Brazil,LATAM,South,Maranhão,Presidente Dutra,N/A
910,United States,US,Central,Texas,El Paso,79907.0
911,United Kingdom,EU,North,England,Bognor Regis,N/A
912,China,APAC,North Asia,Jiangsu,Xuzhou,N/A
913,China,APAC,North Asia,Zhejiang,Ninghai,N/A
914,Barbados,LATAM,Caribbean,Saint Michael,Bridgetown,N/A
915,United States,US,South,Florida,Fort Lauderdale,33311.0
916,France,EU,Central,Picardy,Beauvais,N/A
917,United Kingdom,EU,North,England,South Shields,N/A
918,United States,US,East,Connecticut,Manchester,6040.0
919,Mexico,LATAM,North,Tamaulipas,Nuevo Laredo,N/A
920,Nigeria,Africa,Africa,Kano,Kano,N/A
921,India,APAC,Central Asia,Madhya Pradesh,Dewas,N/A
922,Spain,EU,South,Castile-La Mancha,Puertollano,N/A
923,United States,US,East,Massachusetts,Lawrence,1841.0
924,Germany,EU,Central,North Rhine-Westphalia,Bonn,N/A
925,United States,US,West,California,Danville,94526.0
926,France,EU,Central,Provence-Alpes-Côte d'Azur,Arles,N/A
927,Spain,EU,South,Murcia,Murcia,N/A
928,United Kingdom,EU,North,England,Liverpool,N/A
929,Morocco,Africa,Africa,Fès-Boulemane,Fes,N/A
930,United Kingdom,EU,North,England,Farnborough,N/A
931,China,APAC,North Asia,Sichuan,Suining,N/A
932,Germany,EU,Central,North Rhine-Westphalia,Herne,N/A
933,Cuba,LATAM,Caribbean,Ciego de Ávila,Ciego de Ávila,N/A
934,Russia,EMEA,EMEA,Arkhangel'sk,Arkhangelsk,N/A
935,Slovenia,EMEA,EMEA,Ljubljana,Ljubljana,N/A
936,United States,US,East,Ohio,Marion,43302.0
937,Australia,APAC,Oceania,Queensland,Mount Isa,N/A
938,Ukraine,EMEA,EMEA,Chernihiv,Nizhyn,N/A
939,Mali,Africa,Africa,Bamako,Bamako,N/A
940,Uruguay,LATAM,South,Montevideo,Montevideo,N/A
941,Mexico,LATAM,North,Nayarit,Tepic,N/A
942,Ukraine,EMEA,EMEA,Dnipropetrovs'k,Dnipropetrovs'k,N/A
943,India,APAC,Central Asia,Uttar Pradesh,Gorakhpur,N/A
944,Italy,EU,South,Sicily,Catania,N/A
945,France,EU,Central,Ile-de-France,Grigny,N/A
946,China,APAC,North Asia,Sichuan,Yibin,N/A
947,Madagascar,Africa,Africa,Boeny,Mahajanga,N/A
948,Algeria,Africa,Africa,Saida,Saida,N/A
949,France,EU,Central,Ile-de-France,Cergy,N/A
950,Russia,EMEA,EMEA,Stavropol',Arzgir,N/A
951,United Kingdom,EU,North,England,Gravesend,N/A
952,China,APAC,North Asia,Beijing,Mentougou,N/A
953,Mozambique,Africa,Africa,Nampula,Nampula,N/A
954,United States,US,West,Washington,Edmonds,98026.0
955,Australia,APAC,Oceania,Victoria,Traralgon,N/A
956,Ukraine,EMEA,EMEA,Vinnytsya,Vinnytsya,N/A
957,United States,US,Central,Illinois,Evanston,60201.0
958,United States,US,South,Louisiana,Bossier City,71111.0
959,New Zealand,APAC,Oceania,Canterbury,Timaru,N/A
960,France,EU,Central,Aquitaine,Libourne,N/A
961,United States,US,South,Florida,Tampa,33614.0
962,Israel,EMEA,EMEA,Southern,Ashdod,N/A
963,Brazil,LATAM,South,Minas Gerais,Patrocínio,N/A
964,United Kingdom,EU,North,England,Slough,N/A
965,France,EU,Central,Brittany,Rennes,N/A
966,China,APAC,North Asia,Shanxi,Datong,N/A
967,Germany,EU,Central,North Rhine-Westphalia,Oberhausen,N/A
968,Zambia,Africa,Africa,Eastern,Chipata,N/A
969,Romania,EMEA,EMEA,Galati,Galati,N/A
970,Australia,APAC,Oceania,Queensland,Toowoomba,N/A
971,France,EU,Central,Ile-de-France,Bry-sur-Marne,N/A
972,Brazil,LATAM,South,Santa Catarina,Balneário Camboriú,N/A
973,France,EU,Central,Centre,Dreux,N/A
974,France,EU,Central,Midi-Pyrénées,Toulouse,N/A
975,Libya,Africa,Africa,Banghazi,Benghazi,N/A
976,Philippines,APAC,Southeast Asia,Calabarzon,Bacoor,N/A
977,China,APAC,North Asia,Guangxi,Nanning,N/A
978,Germany,EU,Central,North Rhine-Westphalia,Stolberg,N/A
979,Italy,EU,South,Apulia,Bari,N/A
980,China,APAC,North Asia,Qinghai,Xining,N/A
981,Saudi Arabia,EMEA,EMEA,Tabuk,Tabuk,N/A
982,China,APAC,North Asia,Guizhou,Guiyang,N/A
983,Mexico,LATAM,North,Durango,Durango,N/A
984,United States,US,Central,Wisconsin,Kenosha,53142.0
985,Japan,APAC,North Asia,Tokyo,Tokyo,N/A
986,Israel,EMEA,EMEA,Tel Aviv,Bene Beraq,N/A
987,United Kingdom,EU,North,England,Rotherham,N/A
988,Ireland,EU,North,Cork,Cork,N/A
989,United States,US,Central,Indiana,Columbus,47201.0
990,South Africa,Africa,Africa,Gauteng,Roodepoort,N/A
991,France,EU,Central,Rhône-Alpes,Fontaine,N/A
992,Morocco,Africa,Africa,Rabat-Salé-Zemmour-Zaer,Rabat,N/A
993,United States,US,West,California,Temecula,92592.0
994,Brazil,LATAM,South,São Paulo,José Bonifácio,N/A
995,Zambia,Africa,Africa,Lusaka,Lusaka,N/A
996,Iraq,EMEA,EMEA,Al Basrah,Basra,N/A
997,United States,US,West,California,Apple Valley,92307.0
998,China,APAC,North Asia,Guangdong,Meizhou,N/A
999,Mexico,LATAM,North,Sinaloa,Guasave,N/A
1000,United States,US,Central,Texas,Richardson,75080.0
1001,Brazil,LATAM,South,São Paulo,Santana de Parnaíba,N/A
1002,United States,US,South,Alabama,Montgomery,36116.0
1003,United States,US,Central,Texas,Austin,78745.0
1004,France,EU,Central,Ile-de-France,Aubervilliers,N/A
1005,New Zealand,APAC,Oceania,Wellington,Upper Hutt,N/A
1006,France,EU,Central,Ile-de-France,Neuilly-sur-Seine,N/A
1007,India,APAC,Central Asia,Haryana,Faridabad,N/A
1008,United States,US,West,California,Fairfield,94533.0
1009,El Salvador,LATAM,Central,Santa Ana,Santa Ana,N/A
1010,France,EU,Central,Upper Normandy,Le Havre,N/A
1011,Tanzania,Africa,Africa,Mwanza,Mwanza,N/A
1012,United States,US,West,Utah,Orem,84057.0
1013,Guatemala,LATAM,Central,Guatemala,Petapa,N/A
1014,United States,US,South,Virginia,Newport News,23602.0
1015,France,EU,Central,Provence-Alpes-Côte d'Azur,Miramas,N/A
1016,South Africa,Africa,Africa,Gauteng,Mabopane,N/A
1017,Panama,LATAM,Central,Chiriquí,David,N/A
1018,Spain,EU,South,Andalusía,Dos Hermanas,N/A
1019,Mexico,LATAM,North,Coahuila,Villa Frontera,N/A
1020,United States,US,East,Massachusetts,Franklin,2038.0
1021,China,APAC,North Asia,Jiangsu,Suzhou,N/A
1022,United Kingdom,EU,North,England,Hartlepool,N/A
1023,Mexico,LATAM,North,Veracruz,Orizaba,N/A
1024,Mexico,LATAM,North,Michoacán,Lázaro Cárdenas,N/A
1025,South Korea,APAC,North Asia,Busan,Busan,N/A
1026,United States,US,Central,Texas,Pearland,77581.0
1027,Cuba,LATAM,Caribbean,Holguín,Holguín,N/A
1028,India,APAC,Central Asia,Chhattisgarh,Korba,N/A
1029,Italy,EU,South,Lazio,Viterbo,N/A
1030,France,EU,Central,Languedoc-Roussillon,Carcassonne,N/A
1031,Austria,EU,Central,Carinthia,Villach,N/A
1032,Italy,EU,South,Apulia,Altamura,N/A
1033,United States,US,West,Colorado,Longmont,80501.0
1034,China,APAC,North Asia,Hubei,Ezhou,N/A
1035,Guatemala,LATAM,Central,Escuintla,Escuintla,N/A
1036,Pakistan,APAC,Central Asia,Punjab,Gujranwala,N/A
1037,Germany,EU,Central,Thuringia,Jena,N/A
1038,United Kingdom,EU,North,England,Oxford,N/A
1039,India,APAC,Central Asia,Andhra Pradesh,Anantapur,N/A
1040,Iran,EMEA,EMEA,Qom,Qom,N/A
1041,China,APAC,North Asia,Henan,Jiaozuo,N/A
1042,United Kingdom,EU,North,England,Portsmouth,N/A
1043,Germany,EU,Central,Lower Saxony,Hildesheim,N/A
1044,United Kingdom,EU,North,England,Sunderland,N/A
1045,Egypt,Africa,Africa,Al Gharbiyah,Al Mahallah al Kubra,N/A
1046,Argentina,LATAM,South,Provincia de Buenos Aires,La Plata,N/A
1047,Sweden,EU,North,Skåne,Landskrona,N/A
1048,Finland,EU,North,Uusimaa,Helsinki,N/A
1049,United States,US,West,Nevada,Las Vegas,89115.0
1050,Hungary,EMEA,EMEA,Budapest,Budapest,N/A
1051,United Kingdom,EU,North,England,Bath,N/A
1052,Togo,Africa,Africa,Maritime,Lome,N/A
1053,Italy,EU,South,Emilia-Romagna,Ferrara,N/A
1054,France,EU,Central,Ile-de-France,Palaiseau,N/A
1055,United Kingdom,EU,North,England,Gateshead,N/A
1056,France,EU,Central,Alsace,Saint-Louis,N/A
1057,United States,US,East,New Jersey,Plainfield,7060.0
1058,Brazil,LATAM,South,Bahia,Itamaraju,N/A
1059,United Kingdom,EU,North,England,Coventry,N/A
1060,France,EU,Central,Nord-Pas-de-Calais,Villeneuve-d'Ascq,N/A
1061,India,APAC,Central Asia,Uttar Pradesh,Mathura,N/A
1062,Germany,EU,Central,Lower Saxony,Wilhelmshaven,N/A
1063,Egypt,Africa,Africa,Al Bahr Al Ahmar,Hurghada,N/A
1064,India,APAC,Central Asia,Bihar,Gaya,N/A
1065,France,EU,Central,Lorraine,Toul,N/A
1066,Tanzania,Africa,Africa,Arusha,Arusha,N/A
1067,Brazil,LATAM,South,Minas Gerais,Ibirité,N/A
1068,Mexico,LATAM,North,Jalisco,Guadalajara,N/A
1069,Mexico,LATAM,North,Campeche,Ciudad del Carmen,N/A
1070,India,APAC,Central Asia,Maharashtra,Kolhapur,N/A
1071,Mexico,LATAM,North,San Luis Potosí,Valles,N/A
1072,United States,US,East,Massachusetts,Beverly,1915.0
1073,United States,US,East,New York,Buffalo,14215.0
1074,Germany,EU,Central,Hesse,Kassel,N/A
1075,United States,US,South,North Carolina,Greensboro,27405.0
1076,Dominican Republic,LATAM,Caribbean,La Vega,La Vega,N/A
1077,Mauritania,Africa,Africa,Nouakchott,Nouakchott,N/A
1078,Senegal,Africa,Africa,Saint-Louis,Saint-Louis,N/A
1079,Colombia,LATAM,South,Magdalena,Santa Marta,N/A
1080,Argentina,LATAM,South,Córdoba,Córdoba,N/A
1081,South Africa,Africa,Africa,Western Cape,George,N/A
1082,Germany,EU,Central,Baden-Württemberg,Sindelfingen,N/A
1083,Japan,APAC,North Asia,Chiba,Kawaguchi,N/A
1084,Guatemala,LATAM,Central,Guatemala,Villa Canales,N/A
1085,China,APAC,North Asia,Guizhou,Zunyi,N/A
1086,China,APAC,North Asia,Heilongjiang,Wuchang,N/A
1087,Mexico,LATAM,North,Sonora,Hermosillo,N/A
1088,France,EU,Central,Nord-Pas-de-Calais,Douai,N/A
1089,Japan,APAC,North Asia,Hiroshima,Fukuyama,N/A
1090,Poland,EMEA,EMEA,Silesia,Dabrowa Gornicza,N/A
1091,Germany,EU,Central,North Rhine-Westphalia,Essen,N/A
1092,United States,US,West,Oregon,Gresham,97030.0
1093,Spain,EU,South,Galicia,Santiago de Compostela,N/A
1094,New Zealand,APAC,Oceania,Wellington,Paraparaumu,N/A
1095,Argentina,LATAM,South,San Juan,San Juan,N/A
1096,Brazil,LATAM,South,Amazonas,Manaus,N/A
1097,France,EU,Central,Ile-de-France,Mantes-la-Jolie,N/A
1098,United Kingdom,EU,North,Scotland,Glasgow,N/A
1099,United States,US,West,Nevada,Reno,89502.0
1100,France,EU,Central,Brittany,Pontivy,N/A
1101,New Zealand,APAC,Oceania,Bay of Plenty,Tauranga,N/A
1102,Netherlands,EU,Central,South Holland,The Hague,N/A
1103,Sweden,EU,North,Värmland,Karlstad,N/A
1104,India,APAC,Central Asia,Gujarat,Rajkot,N/A
1105,India,APAC,Central Asia,Madhya Pradesh,Satna,N/A
1106,China,APAC,North Asia,Shaanxi,Yulin,N/A
1107,Cuba,LATAM,Caribbean,Granma,Manzanillo,N/A
1108,Iraq,EMEA,EMEA,Karbala',Karbala',N/A
1109,Belarus,EMEA,EMEA,Hrodna,Hrodna,N/A
1110,United States,US,South,Tennessee,Clarksville,37042.0
1111,China,APAC,North Asia,Hubei,Guangshui,N/A
1112,India,APAC,Central Asia,Rajasthan,Bikaner,N/A
1113,India,APAC,Central Asia,Madhya Pradesh,Indore,N/A
1114,United Kingdom,EU,North,England,Wigan,N/A
1115,Turkey,EMEA,EMEA,Istanbul,Beykoz,N/A
1116,France,EU,Central,Provence-Alpes-Côte d'Azur,Le Cannet,N/A
1117,United States,US,South,South Carolina,Columbia,29203.0
1118,India,APAC,Central Asia,Andhra Pradesh,Tirupati,N/A
1119,Colombia,LATAM,South,Caldas,Manizales,N/A
1120,France,EU,Central,Ile-de-France,Conflans-Sainte-Honorine,N/A
1121,United Kingdom,EU,North,England,Leicester,N/A
1122,Angola,Africa,Africa,Luanda,Luanda,N/A
1123,Democratic Republic of the Congo,Africa,Africa,Equateur,Mbandaka,N/A
1124,Mexico,LATAM,North,Morelos,Cuernavaca,N/A
1125,Honduras,LATAM,Central,Cortés,San Pedro Sula,N/A
1126,China,APAC,North Asia,Fujian,Jinjiang,N/A
1127,China,APAC,North Asia,Guangdong,Zhaoqing,N/A
1128,United States,US,Central,Oklahoma,Broken Arrow,74012.0
1129,Spain,EU,South,Castile and León,Ponferrada,N/A
1130,France,EU,Central,Ile-de-France,Yerres,N/A
1131,United States,US,Central,Indiana,Lawrence,46226.0
1132,New Zealand,APAC,Oceania,Marlborough,Blenheim,N/A
1133,France,EU,Central,Rhône-Alpes,Rillieux-la-Pape,N/A
1134,China,APAC,North Asia,Henan,Luohe,N/A
1135,Netherlands,EU,Central,South Holland,Spijkenisse,N/A
1136,Guinea,Africa,Africa,Nzérékoré,Nzerekore,N/A
1137,Nigeria,Africa,Africa,Kaduna,Zaria,N/A
1138,Germany,EU,Central,North Rhine-Westphalia,Bielefeld,N/A
1139,France,EU,Central,Ile-de-France,Stains,N/A
1140,Dominican Republic,LATAM,Caribbean,Duarte,San Francisco de Macorís,N/A
1141,Italy,EU,South,Apulia,Lecce,N/A
1142,United States,US,West,Colorado,Colorado Springs,80906.0
1143,Brazil,LATAM,South,Maranhão,São Luís,N/A
1144,France,EU,Central,Ile-de-France,Bagnolet,N/A
1145,China,APAC,North Asia,Heilongjiang,Qitaihe,N/A
1146,India,APAC,Central Asia,Uttar Pradesh,Meerut,N/A
1147,Bulgaria,EMEA,EMEA,Shumen,Shumen,N/A
1148,Brazil,LATAM,South,Minas Gerais,Ponte Nova,N/A
1149,China,APAC,North Asia,Zhejiang,Jinhua,N/A
1150,United Kingdom,EU,North,England,Cheltenham,N/A
1151,Nigeria,Africa,Africa,Kaduna,Kaduna,N/A
1152,Netherlands,EU,Central,North Brabant,Breda,N/A
1153,Spain,EU,South,Castile and León,Valladolid,N/A
1154,France,EU,Central,Ile-de-France,Courbevoie,N/A
1155,Spain,EU,South,Andalusía,Fuengirola,N/A
1156,Belgium,EU,Central,Hainaut,Charleroi,N/A
1157,Algeria,Africa,Africa,Oran,Oran,N/A
1158,Rwanda,Africa,Africa,Kigali,Kigali,N/A
1159,Turkey,EMEA,EMEA,Adana,Adana,N/A
1160,Brazil,LATAM,South,Minas Gerais,Nova Serrana,N/A
1161,Spain,EU,South,Castile-La Mancha,Guadalajara,N/A
1162,United States,US,Central,Oklahoma,Oklahoma City,73120.0
1163,Brazil,LATAM,South,Maranhão,Santa Helena,N/A
1164,United States,US,West,Montana,Great Falls,59405.0
1165,Brazil,LATAM,South,Minas Gerais,Belo Horizonte,N/A
1166,Canada,Canada,Canada,Ontario,North York,N/A
1167,United States,US,Central,Minnesota,Lakeville,55044.0
1168,Togo,Africa,Africa,Plateaux,Atakpame,N/A
1169,Portugal,EU,South,Lisboa,Amadora,N/A
1170,Indonesia,APAC,Southeast Asia,Riau,Pekanbaru,N/A
1171,United States,US,West,Colorado,Louisville,80027.0
1172,United States,US,South,Georgia,Smyrna,30080.0
1173,United States,US,Central,Minnesota,Saint Cloud,56301.0
1174,Colombia,LATAM,South,Valle del Cauca,Jamundí,N/A
1175,Cameroon,Africa,Africa,Ouest,Foumban,N/A
1176,China,APAC,North Asia,Jilin,Jilin,N/A
1177,United States,US,Central,Texas,Dallas,75217.0
1178,France,EU,Central,Ile-de-France,Versailles,N/A
1179,Spain,EU,South,Murcia,Lorca,N/A
1180,Germany,EU,Central,Lower Saxony,Langenhagen,N/A
1181,Brazil,LATAM,South,Ceará,Caucaia,N/A
1182,Iran,EMEA,EMEA,Lorestan,Borujerd,N/A
1183,Brazil,LATAM,South,Ceará,Fortaleza,N/A
1184,South Korea,APAC,North Asia,Gyeonggi,Anyang,N/A
1185,Mexico,LATAM,North,Nuevo León,Apodaca,N/A
1186,India,APAC,Central Asia,Maharashtra,Parbhani,N/A
1187,Japan,APAC,North Asia,Osaka,Kita-ku,N/A
1188,Democratic Republic of the Congo,Africa,Africa,Katanga,Likasi,N/A
1189,Brazil,LATAM,South,Bahia,Bom Jesus da Lapa,N/A
1190,United States,US,South,Virginia,Arlington,22204.0
1191,United States,US,Central,Wisconsin,Appleton,54915.0
1192,El Salvador,LATAM,Central,San Salvador,Apopa,N/A
1193,Italy,EU,South,Piedmont,Asti,N/A
1194,Brazil,LATAM,South,São Paulo,Mauá,N/A
1195,India,APAC,Central Asia,Jharkhand,Ranchi,N/A
1196,France,EU,Central,Brittany,Brest,N/A
1197,South Africa,Africa,Africa,Kwazulu-natal,Newcastle,N/A
1198,Ukraine,EMEA,EMEA,Luhans'k,Luhans'k,N/A
1199,Switzerland,EU,Central,Geneva,Geneva,N/A
1200,France,EU,Central,Nord-Pas-de-Calais,Hautmont,N/A
1201,Germany,EU,Central,Baden-Württemberg,Offenburg,N/A
1202,Brazil,LATAM,South,Pará,Ananindeua,N/A
1203,India,APAC,Central Asia,Tamil Nadu,Nagercoil,N/A
1204,Mexico,LATAM,North,Guerrero,Iguala,N/A
1205,United States,US,West,Oregon,Portland,97206.0
1206,Argentina,LATAM,South,Chubut,Comodoro Rivadavia,N/A
1207,India,APAC,Central Asia,Telangana,Nizamabad,N/A
1208,United States,US,East,Connecticut,Meriden,6450.0
1209,Argentina,LATAM,South,Chaco,Resistencia,N/A
1210,China,APAC,North Asia,Guizhou,Bijie,N/A
1211,Denmark,EU,North,Hovedstaden,Copenhagen,N/A
1212,Niger,Africa,Africa,Niamey,Niamey,N/A
1213,France,EU,Central,Ile-de-France,Evry,N/A
1214,France,EU,Central,Centre,Bourges,N/A
1215,United Kingdom,EU,North,England,Great Yarmouth,N/A
1216,United States,US,South,Tennessee,Nashville,37211.0
1217,France,EU,Central,Provence-Alpes-Côte d'Azur,Draguignan,N/A
1218,Mexico,LATAM,North,Morelos,Jiutepec,N/A
1219,Germany,EU,Central,North Rhine-Westphalia,Hamm,N/A
1220,India,APAC,Central Asia,Uttar Pradesh,Bareilly,N/A
1221,Turkey,EMEA,EMEA,Ankara,Mamak,N/A
1222,France,EU,Central,Ile-de-France,Sannois,N/A
1223,Mexico,LATAM,North,México,Toluca,N/A
1224,Austria,EU,Central,Upper Austria,Linz,N/A
1225,United States,US,Central,Iowa,Dubuque,52001.0
1226,Papua New Guinea,APAC,Oceania,National Capital,Port Moresby,N/A
1227,Iran,EMEA,EMEA,Kerman,Kerman,N/A
1228,United States,US,East,Ohio,Lakewood,44107.0
1229,Honduras,LATAM,Central,Atlántida,La Ceiba,N/A
1230,Australia,APAC,Oceania,New South Wales,Port Macquarie,N/A
1231,New Zealand,APAC,Oceania,Nelson,Nelson,N/A
1232,Poland,EMEA,EMEA,Pomerania,Gdansk,N/A
1233,India,APAC,Central Asia,Puducherry,Puducherry,N/A
1234,United States,US,South,Arkansas,Little Rock,72209.0
1235,South Korea,APAC,North Asia,Gyeongsangnam,Changwon,N/A
1236,Germany,EU,Central,North Rhine-Westphalia,Remscheid,N/A
1237,United Kingdom,EU,North,England,Exeter,N/A
1238,China,APAC,North Asia,Sichuan,Leshan,N/A
1239,Guatemala,LATAM,Central,Guatemala,Chinautla,N/A
1240,Germany,EU,Central,Brandenburg,Brandenburg,N/A
1241,France,EU,Central,Ile-de-France,Saint-Ouen,N/A
1242,France,EU,Central,Ile-de-France,Le Plessis-Robinson,N/A
1243,Germany,EU,Central,Saxony-Anhalt,Halle,N/A
1244,United Kingdom,EU,North,England,Harrow,N/A
1245,France,EU,Central,Rhône-Alpes,Echirolles,N/A
1246,France,EU,Central,Picardy,Nogent-sur-Oise,N/A
1247,Italy,EU,South,Campania,Casoria,N/A
1248,Australia,APAC,Oceania,New South Wales,Griffith,N/A
1249,Brazil,LATAM,South,Rio de Janeiro,Barra Mansa,N/A
1250,United States,US,Central,Illinois,Naperville,60540.0
1251,France,EU,Central,Rhône-Alpes,Saint-Genis-Laval,N/A
1252,Colombia,LATAM,South,Tolima,Ibagué,N/A
1253,India,APAC,Central Asia,Tamil Nadu,Tirunelveli,N/A
1254,Mongolia,EMEA,EMEA,Ulaanbaatar,Ulan Bator,N/A
1255,France,EU,Central,Pays de la Loire,Les Herbiers,N/A
1256,United States,US,West,Washington,Pasco,99301.0
1257,United States,US,West,Wyoming,Cheyenne,82001.0
1258,United States,US,West,California,San Diego,92024.0
1259,Italy,EU,South,Umbria,Perugia,N/A
1260,Germany,EU,Central,Saxony,Dresden,N/A
1261,Brazil,LATAM,South,Parana,Francisco Beltrão,N/A
1262,France,EU,Central,Centre,Tours,N/A
1263,Brazil,LATAM,South,São Paulo,Araçatuba,N/A
1264,Australia,APAC,Oceania,South Australia,Gawler,N/A
1265,United States,US,Central,Iowa,Des Moines,50315.0
1266,Netherlands,EU,Central,Groningen,Groningen,N/A
1267,India,APAC,Central Asia,Maharashtra,Ichalkaranji,N/A
1268,Italy,EU,South,Campania,Naples,N/A
1269,Sudan,Africa,Africa,Red Sea,Bur Sudan,N/A
1270,India,APAC,Central Asia,Uttar Pradesh,Firozabad,N/A
1271,Germany,EU,Central,Bavaria,Aschaffenburg,N/A
1272,France,EU,Central,Picardy,Soissons,N/A
1273,Japan,APAC,North Asia,Kanagawa,Aoba-ku,N/A
1274,Turkey,EMEA,EMEA,Istanbul,Silivri,N/A
1275,Malaysia,APAC,Southeast Asia,Sabah,Tawau,N/A
1276,Brazil,LATAM,South,São Paulo,Limeira,N/A
1277,United Kingdom,EU,North,England,Oldham,N/A
1278,Brazil,LATAM,South,Santa Catarina,Itajaí,N/A
1279,Brazil,LATAM,South,Goiás,Goiânia,N/A
1280,Germany,EU,Central,Rhineland-Palatinate,Neuwied,N/A
1281,Italy,EU,South,Campania,Marano di Napoli,N/A
1282,New Zealand,APAC,Oceania,Auckland,Papakura,N/A
1283,United Kingdom,EU,North,England,Watford,N/A
1284,United States,US,Central,Texas,Dallas,75220.0
1285,China,APAC,North Asia,Liaoning,Dalian,N/A
1286,France,EU,Central,Rhône-Alpes,Annecy,N/A
1287,United States,US,West,California,Sunnyvale,94086.0
1288,Mexico,LATAM,North,Tamaulipas,Madero,N/A
1289,China,APAC,North Asia,Shaanxi,Tongchuan,N/A
1290,Ukraine,EMEA,EMEA,Donetsk,Kramators'k,N/A
1291,India,APAC,Central Asia,Madhya Pradesh,Ujjain,N/A
1292,India,APAC,Central Asia,West Bengal,Asansol,N/A
1293,India,APAC,Central Asia,Odisha,Brahmapur,N/A
1294,France,EU,Central,Ile-de-France,Roissy-en-Brie,N/A
1295,Italy,EU,South,Lombardy,Varese,N/A
1296,France,EU,Central,Ile-de-France,Coulommiers,N/A
1297,United Kingdom,EU,North,England,Chelmsford,N/A
1298,Portugal,EU,South,Coimbra,Coimbra,N/A
1299,United Kingdom,EU,North,England,Ashford,N/A
1300,Cote d'Ivoire,Africa,Africa,Vallee Du Bandama,Bouake,N/A
1301,Australia,APAC,Oceania,Victoria,Mildura,N/A
1302,Venezuela,LATAM,South,Anzoátegui,Puerto La Cruz,N/A
1303,Brazil,LATAM,South,Rio de Janeiro,Teresópolis,N/A
1304,Brazil,LATAM,South,Minas Gerais,Juiz de Fora,N/A
1305,Italy,EU,South,Apulia,Foggia,N/A
1306,United States,US,East,Ohio,Parma,44134.0
1307,United States,US,West,New Mexico,Farmington,87401.0
1308,Mexico,LATAM,North,Puebla,Cholula,N/A
1309,France,EU,Central,Midi-Pyrénées,Pamiers,N/A
1310,Brazil,LATAM,South,Santa Catarina,Criciúma,N/A
1311,Brazil,LATAM,South,São Paulo,Taubaté,N/A
1312,France,EU,Central,Ile-de-France,Pantin,N/A
1313,United States,US,West,Arizona,Gilbert,85234.0
1314,United States,US,East,New York,Oceanside,11572.0
1315,Mexico,LATAM,North,Guanajuato,Celaya,N/A
1316,United Kingdom,EU,North,England,Mansfield,N/A
1317,Iran,EMEA,EMEA,Fars,Kazerun,N/A
1318,China,APAC,North Asia,Shanxi,Taiyuan,N/A
1319,United States,US,Central,Texas,Pasadena,77506.0
1320,Mexico,LATAM,North,Tamaulipas,Río Bravo,N/A
1321,Spain,EU,South,Andalusía,Chiclana de la Frontera,N/A
1322,Mexico,LATAM,North,Sinaloa,Los Mochis,N/A
1323,United States,US,South,Virginia,Suffolk,23434.0
1324,China,APAC,North Asia,Guizhou,Anshun,N/A
1325,Mexico,LATAM,North,México,San Pablo de las Salinas,N/A
1326,France,EU,Central,Ile-de-France,Poissy,N/A
1327,Honduras,LATAM,Central,Choluteca,Choluteca,N/A
1328,Mexico,LATAM,North,Veracruz,San Andrés Tuxtla,N/A
1329,United States,US,West,Colorado,Fort Collins,80525.0
1330,United States,US,East,Ohio,Dublin,43017.0
1331,Japan,APAC,North Asia,Kanagawa,Hiratsuka,N/A
1332,China,APAC,North Asia,Hubei,Huangshi,N/A
1333,China,APAC,North Asia,Jiangsu,Xinghua,N/A
1334,United States,US,South,Tennessee,Knoxville,37918.0
1335,Sudan,Africa,Africa,Khartoum,Khartoum,N/A
1336,Egypt,Africa,Africa,Al Minya,Al Minya,N/A
1337,United States,US,Central,Michigan,Midland,48640.0
1338,Italy,EU,South,Veneto,Vicenza,N/A
1339,Peru,LATAM,South,Lima (city),Lima,N/A
1340,France,EU,Central,Ile-de-France,Pontoise,N/A
1341,South Korea,APAC,North Asia,Daejeon,Daejeon,N/A
1342,United States,US,East,Ohio,Springfield,45503.0
1343,China,APAC,North Asia,Henan,Zhengzhou,N/A
1344,France,EU,Central,Brittany,Landerneau,N/A
1345,France,EU,Central,Upper Normandy,Rouen,N/A
1346,China,APAC,North Asia,Shandong,Heze,N/A
1347,Mozambique,Africa,Africa,Zambezia,Quelimane,N/A
1348,Mexico,LATAM,North,Puebla,Atlixco,N/A
1349,Bangladesh,APAC,Central Asia,Rajshahi,Rajshahi,N/A
1350,France,EU,Central,Rhône-Alpes,Villefontaine,N/A
1351,Panama,LATAM,Central,Panama,Arraiján,N/A
1352,Mexico,LATAM,North,Querétaro,Querétaro,N/A
1353,Romania,EMEA,EMEA,Prahova,Ploiesti,N/A
1354,Sudan,Africa,Africa,Kassala,Kassala,N/A
1355,Iran,EMEA,EMEA,Kordestan,Saqqez,N/A
1356,Colombia,LATAM,South,Risaralda,Dos Quebradas,N/A
1357,Malaysia,APAC,Southeast Asia,Negeri Sembilan,Seremban,N/A
1358,France,EU,Central,Ile-de-France,Meudon,N/A
1359,Czech Republic,EMEA,EMEA,Hradec Kralove,Hradec Kralove,N/A
1360,United States,US,Central,Illinois,Peoria,61604.0
1361,France,EU,Central,Ile-de-France,Villemomble,N/A
1362,Indonesia,APAC,Southeast Asia,Nusa Tenggara Timur,Kupang,N/A
1363,Mexico,LATAM,North,Nuevo León,General Escobedo,N/A
1364,Japan,APAC,North Asia,Fukuoka,Kawasaki,N/A
1365,France,EU,Central,Ile-de-France,Rambouillet,N/A
1366,Russia,EMEA,EMEA,Chelyabinsk,Kopeysk,N/A
1367,China,APAC,North Asia,Liaoning,Kaiyuan,N/A
1368,Italy,EU,South,Emilia-Romagna,Parma,N/A
1369,Brazil,LATAM,South,Alagoas,Maceió,N/A
1370,Zambia,Africa,Africa,Copperbelt,Ndola,N/A
1371,Iraq,EMEA,EMEA,Salah Ad Din,Samarra',N/A
1372,China,APAC,North Asia,Anhui,Huainan,N/A
1373,Ukraine,EMEA,EMEA,Sumy,Sumy,N/A
1374,Italy,EU,South,Apulia,Taranto,N/A
1375,Australia,APAC,Oceania,South Australia,Mount Gambier,N/A
1376,United Kingdom,EU,North,England,Bolton,N/A
1377,Brazil,LATAM,South,São Paulo,Valinhos,N/A
1378,Morocco,Africa,Africa,Doukkala-Abda,Safi,N/A
1379,United States,US,South,Mississippi,Jackson,39212.0
1380,France,EU,Central,Ile-de-France,Marly-le-Roi,N/A
1381,Spain,EU,South,Galicia,Lugo,N/A
1382,Bolivia,LATAM,South,Potosí,Potosí,N/A
1383,United States,US,East,New Jersey,Belleville,7109.0
1384,Germany,EU,Central,Lower Saxony,Oldenburg,N/A
1385,Mexico,LATAM,North,Nuevo León,Garza García,N/A
1386,United States,US,East,New Hampshire,Concord,3301.0
1387,Syria,EMEA,EMEA,Dayr Az Zawr,Dayr az Zawr,N/A
1388,Russia,EMEA,EMEA,Irkutsk,Irkutsk,N/A
1389,Panama,LATAM,Central,Panama,San Miguelito,N/A
1390,Chile,LATAM,South,Biobio,Chillán,N/A
1391,Australia,APAC,Oceania,Victoria,Wodonga,N/A
1392,France,EU,Central,Rhône-Alpes,Annonay,N/A
1393,China,APAC,North Asia,Hubei,Zhongxiang,N/A
1394,Somalia,Africa,Africa,Banaadir,Mogadishu,N/A
1395,Russia,EMEA,EMEA,Bryansk,Bryansk,N/A
1396,Russia,EMEA,EMEA,Arkhangel'sk,Severodvinsk,N/A
1397,China,APAC,North Asia,Sichuan,Chengdu,N/A
1398,Australia,APAC,Oceania,New South Wales,Armidale,N/A
1399,South Africa,Africa,Africa,Gauteng,Soweto,N/A
1400,India,APAC,Central Asia,Maharashtra,Durgapur,N/A
1401,Cuba,LATAM,Caribbean,Isla de la Juventud,Nueva Gerona,N/A
1402,Argentina,LATAM,South,Chaco,Presidencia Roque Sáenz Peña,N/A
1403,France,EU,Central,Midi-Pyrénées,Castres,N/A
1404,China,APAC,North Asia,Liaoning,Fushun,N/A
1405,Brazil,LATAM,South,São Paulo,Franca,N/A
1406,Germany,EU,Central,Rhineland-Palatinate,Ludwigshafen am Rhein,N/A
1407,Chile,LATAM,South,Arica y Parinacota,Arica,N/A
1408,France,EU,Central,Ile-de-France,Sartrouville,N/A
1409,Kenya,Africa,Africa,Coast,Mombasa,N/A
1410,Turkey,EMEA,EMEA,Aydin,Nazilli,N/A
1411,China,APAC,North Asia,Jilin,Jiutai,N/A
1412,Sierra Leone,Africa,Africa,Eastern,Koidu,N/A
1413,China,APAC,North Asia,Heilongjiang,Suihua,N/A
1414,Italy,EU,South,Sicily,Messina,N/A
1415,France,EU,Central,Champagne-Ardenne,Reims,N/A
1416,Iran,EMEA,EMEA,Khuzestan,Behbahan,N/A
1417,India,APAC,Central Asia,Rajasthan,Ajmer,N/A
1418,Romania,EMEA,EMEA,Cluj,Cluj-Napoca,N/A
1419,Romania,EMEA,EMEA,Bihor,Oradea,N/A
1420,United Kingdom,EU,North,England,Bristol,N/A
1421,Nicaragua,LATAM,Central,Managua,Tipitapa,N/A
1422,Spain,EU,South,Valenciana,Alicante,N/A
1423,Belgium,EU,Central,Limburg,Hasselt,N/A
1424,China,APAC,North Asia,Xinjiang Uygur,Aksu,N/A
1425,Turkey,EMEA,EMEA,Trabzon,Trabzon,N/A
1426,Germany,EU,Central,North Rhine-Westphalia,Troisdorf,N/A
1427,Guinea,Africa,Africa,Kindia,Kindia,N/A
1428,France,EU,Central,Provence-Alpes-Côte d'Azur,Aix-en-Provence,N/A
1429,Egypt,Africa,Africa,Al Gharbiyah,Tanta,N/A
1430,Honduras,LATAM,Central,Cortés,Choloma,N/A
1431,India,APAC,Central Asia,Maharashtra,Ulhasnagar,N/A
1432,Venezuela,LATAM,South,Distrito Capital,Caracas,N/A
1433,Ukraine,EMEA,EMEA,Kirovohrad,Oleksandriya,N/A
1434,Canada,Canada,Canada,Ontario,Mississauga,N/A
1435,United States,US,Central,Missouri,Independence,64055.0
1436,France,EU,Central,Nord-Pas-de-Calais,Wattrelos,N/A
1437,China,APAC,North Asia,Guangdong,Licheng,N/A
1438,Netherlands,EU,Central,Utrecht,Nieuwegein,N/A
1439,China,APAC,North Asia,Jiangsu,Huaiyin,N/A
1440,India,APAC,Central Asia,Maharashtra,Pimpri,N/A
1441,United States,US,Central,Texas,Brownsville,78521.0
1442,Cote d'Ivoire,Africa,Africa,Lagunes,Abidjan,N/A
1443,Finland,EU,North,Finland Proper,Turku,N/A
1444,Jamaica,LATAM,Caribbean,Saint Catherine,Portmore,N/A
1445,Russia,EMEA,EMEA,Ivanovo,Ivanovo,N/A
1446,Cuba,LATAM,Caribbean,Artemisa,Artemisa,N/A
1447,France,EU,Central,Poitou-Charentes,Niort,N/A
1448,Turkey,EMEA,EMEA,Denizli,Denizli,N/A
1449,Netherlands,EU,Central,Limburg,Heerlen,N/A
1450,United States,US,Central,Texas,Pharr,78577.0
1451,Venezuela,LATAM,South,Carabobo,Valencia,N/A
1452,Japan,APAC,North Asia,Kagawa,Takamatsu,N/A
1453,Russia,EMEA,EMEA,Kaluga,Kaluga,N/A
1454,United States,US,West,California,Burbank,91505.0
1455,Indonesia,APAC,Southeast Asia,Papua,Jayapura,N/A
1456,France,EU,Central,Provence-Alpes-Côte d'Azur,Martigues,N/A
1457,France,EU,Central,Corsica,Bastia,N/A
1458,United States,US,South,Florida,Deltona,32725.0
1459,Canada,Canada,Canada,Ontario,London,N/A
1460,Guinea,Africa,Africa,Kankan,Kankan,N/A
1461,China,APAC,North Asia,Guangdong,Shanwei,N/A
1462,France,EU,Central,Ile-de-France,Massy,N/A
1463,Canada,Canada,Canada,Ontario,Vaughan,N/A
1464,Mexico,LATAM,North,Coahuila,Acuña,N/A
1465,Germany,EU,Central,Lower Saxony,Langen,N/A
1466,France,EU,Central,Aquitaine,Villeneuve-sur-Lot,N/A
1467,United Kingdom,EU,North,England,Manchester,N/A
1468,Italy,EU,South,Lombardy,Como,N/A
1469,France,EU,Central,Ile-de-France,Les Ulis,N/A
1470,Ukraine,EMEA,EMEA,Zaporizhzhya,Melitopol',N/A
1471,Netherlands,EU,Central,North Holland,Haarlem,N/A
1472,United States,US,South,Tennessee,Memphis,38109.0
1473,Israel,EMEA,EMEA,Southern,Ashqelon,N/A
1474,United Kingdom,EU,North,England,Garforth,N/A
1475,Bosnia and Herzegovina,EMEA,EMEA,Federation of Bosnia and Herzegovina,Sarajevo,N/A
1476,New Zealand,APAC,Oceania,Otago,Dunedin,N/A
1477,Spain,EU,South,Basque Country,Vitoria,N/A
1478,United Kingdom,EU,North,England,Middlesbrough,N/A
1479,Guinea-Bissau,Africa,Africa,Bissau,Bissau,N/A
1480,Australia,APAC,Oceania,New South Wales,Dubbo,N/A
1481,Italy,EU,South,Liguria,Genoa,N/A
1482,India,APAC,Central Asia,Madhya Pradesh,Ratlam,N/A
1483,Ukraine,EMEA,EMEA,Khmel'nyts'kyy,Khmel'nyts'kyy,N/A
1484,China,APAC,North Asia,Zhejiang,Linhai,N/A
1485,France,EU,Central,Nord-Pas-de-Calais,Avion,N/A
1486,Germany,EU,Central,Baden-Württemberg,Pforzheim,N/A
1487,India,APAC,Central Asia,Tamil Nadu,Coimbatore,N/A
1488,United States,US,South,North Carolina,Durham,27707.0
1489,Philippines,APAC,Southeast Asia,National Capital,Makati,N/A
1490,Belgium,EU,Central,Antwerp,Mechelen,N/A
1491,United States,US,East,New Jersey,Perth Amboy,8861.0
1492,India,APAC,Central Asia,Andhra Pradesh,Nellore,N/A
1493,Italy,EU,South,Lazio,Tivoli,N/A
1494,Brazil,LATAM,South,Mato Grosso,Cuiabá,N/A
1495,Cuba,LATAM,Caribbean,Pinar del Río,Pinar del Río,N/A
1496,Mexico,LATAM,North,México,Coacalco,N/A
1497,United States,US,East,Ohio,Bowling Green,43402.0
1498,United States,US,South,Florida,Tamarac,33319.0
1499,Colombia,LATAM,South,Norte de Santander,Cúcuta,N/A
1500,Brazil,LATAM,South,Rio Grande do Sul,Ijuí,N/A
1501,United States,US,East,Maryland,Clinton,20735.0
1502,Mozambique,Africa,Africa,Sofala,Beira,N/A
1503,United Kingdom,EU,North,England,Basildon,N/A
1504,Cote d'Ivoire,Africa,Africa,Lacs,Yamoussoukro,N/A
1505,United States,US,West,California,San Jose,95123.0
1506,United States,US,Central,Texas,Huntsville,77340.0
1507,France,EU,Central,Nord-Pas-de-Calais,Maubeuge,N/A
1508,Djibouti,Africa,Africa,Djibouti,Djibouti,N/A
1509,Japan,APAC,North Asia,Saga,Saga,N/A
1510,France,EU,Central,Midi-Pyrénées,Tournefeuille,N/A
1511,United States,US,East,Pennsylvania,Chester,19013.0
1512,China,APAC,North Asia,Guangdong,Donghai,N/A
1513,Canada,Canada,Canada,Ontario,Oshawa,N/A
1514,United Kingdom,EU,North,England,Crewe,N/A
1515,France,EU,Central,Ile-de-France,Sucy-en-Brie,N/A
1516,United States,US,South,Tennessee,Jackson,38301.0
1517,United States,US,Central,Minnesota,Roseville,55113.0
1518,United States,US,West,Washington,Renton,98059.0
1519,Kenya,Africa,Africa,Rift Valley,Nakuru,N/A
1520,France,EU,Central,Ile-de-France,Montmorency,N/A
1521,Brazil,LATAM,South,São Paulo,Barueri,N/A
1522,France,EU,Central,Nord-Pas-de-Calais,Valenciennes,N/A
1523,India,APAC,Central Asia,Uttar Pradesh,Bilaspur,N/A
1524,Brazil,LATAM,South,Minas Gerais,Divinópolis,N/A
1525,Romania,EMEA,EMEA,Timis,Lugoj,N/A
1526,Mexico,LATAM,North,Guanajuato,Salamanca,N/A
1527,Brazil,LATAM,South,Rio Grande do Sul,Passo Fundo,N/A
1528,France,EU,Central,Pays de la Loire,Saumur,N/A
1529,Germany,EU,Central,North Rhine-Westphalia,Siegen,N/A
1530,Indonesia,APAC,Southeast Asia,Riau,Dumai,N/A
1531,Italy,EU,South,Sicily,Palermo,N/A
1532,India,APAC,Central Asia,Karnataka,Tumkur,N/A
1533,United States,US,East,New York,Mount Vernon,10550.0
1534,France,EU,Central,Limousin,Limoges,N/A
1535,France,EU,Central,Nord-Pas-de-Calais,Wasquehal,N/A
1536,Italy,EU,South,Sardinia,Cagliari,N/A
1537,France,EU,Central,Brittany,Vannes,N/A
1538,Switzerland,EU,Central,Vaud,Lausanne,N/A
1539,France,EU,Central,Ile-de-France,Athis-Mons,N/A
1540,Israel,EMEA,EMEA,Jerusalem,Jerusalem,N/A
1541,Venezuela,LATAM,South,Miranda,Charallave,N/A
1542,Iran,EMEA,EMEA,Khuzestan,Masjed Soleyman,N/A
1543,Cuba,LATAM,Caribbean,Santiago de Cuba,Palma Soriano,N/A
1544,El Salvador,LATAM,Central,Sonsonate,Sonsonate,N/A
1545,United Kingdom,EU,North,England,Northampton,N/A
1546,Germany,EU,Central,Thuringia,Gera,N/A
1547,United States,US,West,California,Redondo Beach,90278.0
1548,United Kingdom,EU,North,England,Walsall,N/A
1549,United States,US,South,Arkansas,Jonesboro,72401.0
1550,Germany,EU,Central,Brandenburg,Potsdam,N/A
1551,Italy,EU,South,Tuscany,Grosseto,N/A
1552,United States,US,West,Colorado,Parker,80134.0
1553,Germany,EU,Central,Saarland,Neunkirchen,N/A
1554,France,EU,Central,Provence-Alpes-Côte d'Azur,Marignane,N/A
1555,United States,US,West,Idaho,Boise,83704.0
1556,South Africa,Africa,Africa,Kwazulu-natal,Pietermaritzburg,N/A
1557,Guatemala,LATAM,Central,Huehuetenango,Huehuetenango,N/A
1558,Ecuador,LATAM,South,Azuay,Cuenca,N/A
1559,Saudi Arabia,EMEA,EMEA,Al Madinah,Medina,N/A
1560,United States,US,Central,Texas,Mansfield,76063.0
1561,Australia,APAC,Oceania,New South Wales,Tamworth,N/A
1562,United Kingdom,EU,North,England,Worcester,N/A
1563,France,EU,Central,Ile-de-France,Champigny-sur-Marne,N/A
1564,Nigeria,Africa,Africa,Rivers,Port Harcourt,N/A
1565,United States,US,South,Tennessee,Smyrna,37167.0
1566,United States,US,South,Alabama,Hoover,35244.0
1567,Brazil,LATAM,South,Minas Gerais,Ituiutaba,N/A
1568,India,APAC,Central Asia,Chhattisgarh,Raipur,N/A
1569,India,APAC,Central Asia,Assam,Guwahati,N/A
1570,Turkey,EMEA,EMEA,Gaziantep,Gaziantep,N/A
1571,Spain,EU,South,Andalusía,Jerez de la Frontera,N/A
1572,Italy,EU,South,Tuscany,Carrara,N/A
1573,Romania,EMEA,EMEA,Constanta,Constanta,N/A
1574,Brazil,LATAM,South,São Paulo,Cotia,N/A
1575,United States,US,Central,Texas,Beaumont,77705.0
1576,Iran,EMEA,EMEA,Kerman,Rafsanjan,N/A
1577,Venezuela,LATAM,South,Carabobo,Guacara,N/A
1578,Saudi Arabia,EMEA,EMEA,Ash Sharqiyah,Al Mubarraz,N/A
1579,United Kingdom,EU,North,Scotland,Aberdeen,N/A
1580,Brazil,LATAM,South,Minas Gerais,Montes Claros,N/A
1581,Panama,LATAM,Central,Panama,La Chorrera,N/A
1582,Benin,Africa,Africa,Littoral,Cotonou,N/A
1583,United States,US,East,District of Columbia,Washington,20016.0
1584,United States,US,West,California,Chico,95928.0
1585,Chile,LATAM,South,Santiago,Puente Alto,N/A
1586,Mexico,LATAM,North,Colima,Tecomán,N/A
1587,Pakistan,APAC,Central Asia,Khyber Pakhtunkhwa,Peshawar,N/A
1588,Japan,APAC,North Asia,Kanagawa,Kawasaki,N/A
1589,United States,US,West,California,Pasadena,91104.0
1590,Italy,EU,South,Campania,Acerra,N/A
1591,Mexico,LATAM,North,Guerrero,Chilpancingo,N/A
1592,Iran,EMEA,EMEA,Esfahan,Khomeynishahr,N/A
1593,United States,US,Central,Oklahoma,Edmond,73034.0
1594,China,APAC,North Asia,Anhui,Jieshou,N/A
1595,Canada,Canada,Canada,British Columbia,Surrey,N/A
1596,Mexico,LATAM,North,Yucatán,Progreso,N/A
1597,United States,US,Central,Illinois,Decatur,62521.0
1598,Chile,LATAM,South,Santiago,San Bernardo,N/A
1599,Germany,EU,Central,Baden-Württemberg,Aalen,N/A
1600,India,APAC,Central Asia,Maharashtra,Aurangabad,N/A
1601,Kenya,Africa,Africa,Eastern,Marsabit,N/A
1602,Poland,EMEA,EMEA,Lodz,Lodz,N/A
1603,Pakistan,APAC,Central Asia,Punjab,Multan,N/A
1604,United States,US,East,Pennsylvania,Allentown,18103.0
1605,Zambia,Africa,Africa,Copperbelt,Mufulira,N/A
1606,Germany,EU,Central,Mecklenburg-Vorpommern,Greifswald,N/A
1607,United States,US,West,Arizona,Tempe,85281.0
1608,United Kingdom,EU,North,England,Letchworth,N/A
1609,Iraq,EMEA,EMEA,Ninawa,Mosul,N/A
1610,Brazil,LATAM,South,Paraíba,João Pessoa,N/A
1611,Romania,EMEA,EMEA,Sibiu,Sibiu,N/A
1612,France,EU,Central,Ile-de-France,Fresnes,N/A
1613,Mexico,LATAM,North,Distrito Federal,Cuajimalpa,N/A
1614,Mexico,LATAM,North,Veracruz,Córdoba,N/A
1615,United States,US,South,Arkansas,Fayetteville,72701.0
1616,Tunisia,Africa,Africa,Tunis,Tunis,N/A
1617,Brazil,LATAM,South,São Paulo,Itapevi,N/A
1618,Germany,EU,Central,North Rhine-Westphalia,Halle,N/A
1619,Argentina,LATAM,South,Santa Fe,Rosario,N/A
1620,Ukraine,EMEA,EMEA,Mykolayiv,Mykolayiv,N/A
1621,Norway,EU,North,Rogaland,Sandnes,N/A
1622,Nicaragua,LATAM,Central,Masaya,Masaya,N/A
1623,United States,US,South,Florida,Kissimmee,34741.0
1624,United Kingdom,EU,North,England,Aylesbury,N/A
1625,Brazil,LATAM,South,Parana,Cambé,N/A
1626,Brazil,LATAM,South,Sergipe,Aracaju,N/A
1627,United Kingdom,EU,North,England,Warrington,N/A
1628,Nicaragua,LATAM,Central,Granada,Granada,N/A
1629,Brazil,LATAM,South,Ceará,Limoeiro do Norte,N/A
1630,Australia,APAC,Oceania,New South Wales,Katoomba,N/A
1631,Indonesia,APAC,Southeast Asia,Jawa Timur,Kediri,N/A
1632,Russia,EMEA,EMEA,Yaroslavl',Yaroslavl',N/A
1633,Russia,EMEA,EMEA,Bashkortostan,Salavat,N/A
1634,Indonesia,APAC,Southeast Asia,Jawa Timur,Malang,N/A
1635,France,EU,Central,Nord-Pas-de-Calais,Calais,N/A
1636,United States,US,West,Utah,Provo,84604.0
1637,Brazil,LATAM,South,Goiás,Novo Gama,N/A
1638,United Kingdom,EU,North,England,Peterborough,N/A
1639,Australia,APAC,Oceania,Western Australia,Bunbury,N/A
1640,United Kingdom,EU,North,England,Plymouth,N/A
1641,Australia,APAC,Oceania,Queensland,Maryborough,N/A
1642,Belgium,EU,Central,Flemish Brabant,Leuven,N/A
1643,Croatia,EMEA,EMEA,Grad Zagreb,Zagreb,N/A
1644,Mexico,LATAM,North,Tabasco,Frontera,N/A
1645,Brazil,LATAM,South,Rio de Janeiro,Resende,N/A
1646,China,APAC,North Asia,Shandong,Weifang,N/A
1647,France,EU,Central,Ile-de-France,Chaville,N/A
1648,India,APAC,Central Asia,Punjab,Patiala,N/A
1649,Iraq,EMEA,EMEA,Babil,Al Hillah,N/A
1650,United Kingdom,EU,North,England,Lowestoft,N/A
1651,Netherlands,EU,Central,Overijssel,Hardenberg,N/A
1652,Hong Kong,APAC,North Asia,Hong Kong,Kowloon,N/A
1653,El Salvador,LATAM,Central,San Salvador,Cuscatancingo,N/A
1654,China,APAC,North Asia,Shandong,Yantai,N/A
1655,Australia,APAC,Oceania,Victoria,Melton,N/A
1656,Norway,EU,North,Buskerud,Drammen,N/A
1657,United States,US,South,Alabama,Auburn,36830.0
1658,Netherlands,EU,Central,North Brabant,Oosterhout,N/A
1659,United States,US,West,California,Torrance,90503.0
1660,France,EU,Central,Midi-Pyrénées,Montauban,N/A
1661,China,APAC,North Asia,Sichuan,Jiangyou,N/A
1662,France,EU,Central,Ile-de-France,Livry-Gargan,N/A
1663,Brazil,LATAM,South,São Paulo,Sorocaba,N/A
1664,China,APAC,North Asia,Shaanxi,Xi'an,N/A
1665,Nepal,APAC,Central Asia,Central,Kathmandu,N/A
1666,France,EU,Central,Brittany,Quimper,N/A
1667,Mexico,LATAM,North,México,Ixtapaluca,N/A
1668,Germany,EU,Central,Hesse,Wiesbaden,N/A
1669,Poland,EMEA,EMEA,Pomerania,Gdynia,N/A
1670,Germany,EU,Central,Saxony-Anhalt,Magdeburg,N/A
1671,France,EU,Central,Ile-de-France,Gennevilliers,N/A
1672,Spain,EU,South,Catalonia,Castelldefels,N/A
1673,United Kingdom,EU,North,England,Widnes,N/A
1674,Russia,EMEA,EMEA,Dagestan,Kaspiysk,N/A
1675,Brazil,LATAM,South,Santa Catarina,Chapecó,N/A
1676,India,APAC,Central Asia,Bihar,Darbhanga,N/A
1677,United States,US,South,Florida,Coral Springs,33065.0
1678,United States,US,Central,Texas,Laredo,78041.0
1679,Austria,EU,Central,Carinthia,Klagenfurt,N/A
1680,Egypt,Africa,Africa,Aswan,Aswan,N/A
1681,Cuba,LATAM,Caribbean,Cienfuegos,Cienfuegos,N/A
1682,Mexico,LATAM,North,Distrito Federal,Miguel Hidalgo,N/A
1683,Lithuania,EMEA,EMEA,Panevezys,Panevezys,N/A
1684,Germany,EU,Central,North Rhine-Westphalia,Erftstadt,N/A
1685,Germany,EU,Central,North Rhine-Westphalia,Lippstadt,N/A
1686,France,EU,Central,Limousin,Brive-la-Gaillarde,N/A
1687,New Zealand,APAC,Oceania,Gisborne,Gisborne,N/A
1688,Germany,EU,Central,North Rhine-Westphalia,Pulheim,N/A
1689,France,EU,Central,Nord-Pas-de-Calais,Coudekerque-Branche,N/A
1690,Belgium,EU,Central,West Flanders,Roeselare,N/A
1691,United States,US,Central,Illinois,Highland Park,60035.0
1692,Colombia,LATAM,South,Magdalena,Ciénaga,N/A
1693,Turkey,EMEA,EMEA,Bingol,Bingol,N/A
1694,Guadeloupe,LATAM,Caribbean,Guadeloupe,Les Abymes,N/A
1695,United Kingdom,EU,North,England,Swindon,N/A
1696,Brazil,LATAM,South,Pernambuco,Abreu e Lima,N/A
1697,Colombia,LATAM,South,Risaralda,Pereira,N/A
1698,Denmark,EU,North,South Denmark,Odense,N/A
1699,China,APAC,North Asia,Hainan,Haikou,N/A
1700,Mexico,LATAM,North,Sonora,Obregón,N/A
1701,Iran,EMEA,EMEA,Mazandaran,Sari,N/A
1702,Venezuela,LATAM,South,Miranda,Baruta,N/A
1703,China,APAC,North Asia,Zhejiang,Hangzhou,N/A
1704,Zambia,Africa,Africa,Copperbelt,Chingola,N/A
1705,France,EU,Central,Centre,Saint-Cyr-sur-Loire,N/A
1706,India,APAC,Central Asia,Andhra Pradesh,Guntur,N/A
1707,Japan,APAC,North Asia,Hyogo,Nishinomiya,N/A
1708,Germany,EU,Central,Hesse,Offenbach,N/A
1709,United Kingdom,EU,North,England,Waterlooville,N/A
1710,China,APAC,North Asia,Guangdong,Huizhou,N/A
1711,Egypt,Africa,Africa,Suhaj,Sohag,N/A
1712,United States,US,South,Alabama,Decatur,35601.0
1713,United Kingdom,EU,North,England,Dewsbury,N/A
1714,Kyrgyzstan,EMEA,EMEA,Bishkek,Bishkek,N/A
1715,China,APAC,North Asia,Jiangsu,Licheng,N/A
1716,Kenya,Africa,Africa,Central,Thika,N/A
1717,France,EU,Central,Rhône-Alpes,Bron,N/A
1718,United States,US,Central,Illinois,Normal,61761.0
1719,Netherlands,EU,Central,Overijssel,Deventer,N/A
1720,China,APAC,North Asia,Liaoning,Tieling,N/A
1721,Dominican Republic,LATAM,Caribbean,Santiago,Santiago de los Caballeros,N/A
1722,Canada,Canada,Canada,Quebec,Laval,N/A
1723,France,EU,Central,Ile-de-France,Montereau-Fault-Yonne,N/A
1724,Zimbabwe,Africa,Africa,Bulawayo,Bulawayo,N/A
1725,China,APAC,North Asia,Hebei,Xuanhua,N/A
1726,France,EU,Central,Provence-Alpes-Côte d'Azur,Vallauris,N/A
1727,United States,US,West,Oregon,Redmond,97756.0
1728,United Kingdom,EU,North,Wales,Clydach,N/A
1729,China,APAC,North Asia,Shaanxi,Xianyang,N/A
1730,Australia,APAC,Oceania,New South Wales,Forster,N/A
1731,United States,US,West,Oregon,Springfield,97477.0
1732,United Kingdom,EU,North,England,Dartford,N/A
1733,Japan,APAC,North Asia,Mie,Yokkaichi,N/A
1734,Spain,EU,South,Andalusía,El Ejido,N/A
1735,Austria,EU,Central,Salzburg,Salzburg,N/A
1736,United Kingdom,EU,North,Scotland,Dundee,N/A
1737,India,APAC,Central Asia,Karnataka,Belgaum,N/A
1738,Poland,EMEA,EMEA,Silesia,Rybnik,N/A
1739,Tanzania,Africa,Africa,Iringa,Iringa,N/A
1740,Nigeria,Africa,Africa,Edo,Benin City,N/A
1741,United States,US,Central,Texas,Arlington,76017.0
1742,China,APAC,North Asia,Hubei,Yicheng,N/A
1743,Germany,EU,Central,Schleswig-Holstein,Kiel,N/A
1744,Germany,EU,Central,Rhineland-Palatinate,Kaiserslautern,N/A
1745,France,EU,Central,Ile-de-France,Garches,N/A
1746,United States,US,East,Connecticut,Waterbury,6708.0
1747,Germany,EU,Central,Bavaria,Rosenheim,N/A
1748,United Kingdom,EU,North,England,Poole,N/A
1749,United States,US,West,Idaho,Pocatello,83201.0
1750,France,EU,Central,Ile-de-France,Villejuif,N/A
1751,South Africa,Africa,Africa,North-West,Vryburg,N/A
1752,Uzbekistan,EMEA,EMEA,Surxondaryo,Termez,N/A
1753,China,APAC,North Asia,Shandong,Xintai,N/A
1754,United States,US,Central,Indiana,Richmond,47374.0
1755,China,APAC,North Asia,Guangdong,Wuchuan,N/A
1756,Mexico,LATAM,North,Michoacán,Heroica Zitácuaro,N/A
1757,Canada,Canada,Canada,British Columbia,Richmond,N/A
1758,Germany,EU,Central,Rhineland-Palatinate,Worms,N/A
1759,Germany,EU,Central,Hesse,Darmstadt,N/A
1760,France,EU,Central,Auvergne,Issoire,N/A
1761,China,APAC,North Asia,Heilongjiang,Yichun,N/A
1762,France,EU,Central,Ile-de-France,Issy-les-Moulineaux,N/A
1763,China,APAC,North Asia,Guangdong,Chaozhou,N/A
1764,China,APAC,North Asia,Liaoning,Chaoyang,N/A
1765,Spain,EU,South,Andalusía,Granada,N/A
1766,India,APAC,Central Asia,Odisha,Bhubaneswar,N/A
1767,Australia,APAC,Oceania,New South Wales,Broken Hill,N/A
1768,Portugal,EU,South,Porto,Porto,N/A
1769,United States,US,South,Tennessee,Columbia,38401.0
1770,China,APAC,North Asia,Fujian,Sanming,N/A
1771,New Zealand,APAC,Oceania,Southland,Invercargill,N/A
1772,United States,US,West,Utah,Salt Lake City,84106.0
1773,Malaysia,APAC,Southeast Asia,Sarawak,Kuching,N/A
1774,Indonesia,APAC,Southeast Asia,Jawa Timur,Probolinggo,N/A
1775,United States,US,West,Arizona,Chandler,85224.0
1776,Afghanistan,APAC,Central Asia,Kandahar,Kandahar,N/A
1777,Colombia,LATAM,South,Boyacá,Duitama,N/A
1778,France,EU,Central,Ile-de-France,Taverny,N/A
1779,Brazil,LATAM,South,Rio Grande do Sul,Caxias do Sul,N/A
1780,United States,US,Central,Illinois,Elmhurst,60126.0
1781,Algeria,Africa,Africa,Laghouat,Laghouat,N/A
1782,South Sudan,Africa,Africa,Central Equatoria,Juba,N/A
1783,Brazil,LATAM,South,São Paulo,Sumaré,N/A
1784,Italy,EU,South,Tuscany,Lucca,N/A
1785,Germany,EU,Central,North Rhine-Westphalia,Minden,N/A
1786,Germany,EU,Central,North Rhine-Westphalia,Herten,N/A
1787,Brazil,LATAM,South,Rio Grande do Sul,Pelotas,N/A
1788,United States,US,West,Colorado,Arvada,80004.0
1789,Brazil,LATAM,South,Mato Grosso do Sul,Campo Grande,N/A
1790,New Zealand,APAC,Oceania,Wellington,Lower Hutt,N/A
1791,Poland,EMEA,EMEA,Greater Poland,Poznan,N/A
1792,Brazil,LATAM,South,São Paulo,Birigui,N/A
1793,Sudan,Africa,Africa,Gezira,Wad Madani,N/A
1794,United States,US,South,South Carolina,Florence,29501.0
1795,Pakistan,APAC,Central Asia,F.C.T.,Islamabad,N/A
1796,United Kingdom,EU,North,England,Stevenage,N/A
1797,China,APAC,North Asia,Jiangxi,Nanchang,N/A
1798,Ecuador,LATAM,South,Guayas,Guayaquil,N/A
1799,Chile,LATAM,South,O'Higgins,Rancagua,N/A
1800,Pakistan,APAC,Central Asia,Punjab,Rawalpindi,N/A
1801,China,APAC,North Asia,Guangdong,Zhuhai,N/A
1802,India,APAC,Central Asia,Madhya Pradesh,Mau,N/A
1803,Iran,EMEA,EMEA,Tehran,Shahriar,N/A
1804,Cuba,LATAM,Caribbean,Santiago de Cuba,Contramaestre,N/A
1805,France,EU,Central,Rhône-Alpes,Thonon-les-Bains,N/A
1806,France,EU,Central,Provence-Alpes-Côte d'Azur,Allauch,N/A
1807,India,APAC,Central Asia,Punjab,Amritsar,N/A
1808,Brazil,LATAM,South,Mato Grosso,Rondonópolis,N/A
1809,China,APAC,North Asia,Hebei,Handan,N/A
1810,Spain,EU,South,Madrid,Coslada,N/A
1811,United States,US,South,Florida,Plantation,33317.0
1812,Nigeria,Africa,Africa,Bauchi,Bauchi,N/A
1813,United States,US,Central,Minnesota,Maple Grove,55369.0
1814,United States,US,East,New York,Auburn,13021.0
1815,Germany,EU,Central,North Rhine-Westphalia,Ratingen,N/A
1816,Philippines,APAC,Southeast Asia,National Capital,Caloocan,N/A
1817,United States,US,West,California,Inglewood,90301.0
1818,Gabon,Africa,Africa,Estuaire,Libreville,N/A
1819,United States,US,Central,Illinois,Saint Charles,60174.0
1820,United States,US,West,California,Pomona,91767.0
1821,Poland,EMEA,EMEA,Opole,Opole,N/A
1822,United States,US,South,North Carolina,Gastonia,28052.0
1823,Brazil,LATAM,South,São Paulo,São Bernardo do Campo,N/A
1824,France,EU,Central,Lorraine,Metz,N/A
1825,United States,US,West,Arizona,Peoria,85345.0
1826,United States,US,West,New Mexico,Albuquerque,87105.0
1827,United States,US,Central,Texas,Plano,75023.0
1828,China,APAC,North Asia,Anhui,Tongling,N/A
1829,Mexico,LATAM,North,Colima,Colima,N/A
1830,United States,US,Central,Wisconsin,Green Bay,54302.0
1831,Austria,EMEA,EMEA,Carinthia,Klagenfurt,N/A
1832,United Kingdom,EU,North,England,Cheshunt,N/A
1833,United States,US,East,Connecticut,Middletown,6457.0
1834,United States,US,West,California,Chula Vista,91911.0
1835,United States,US,West,California,Riverside,92503.0
1836,Brazil,LATAM,South,São Paulo,Guarulhos,N/A
1837,Belarus,EMEA,EMEA,Homyel',Homyel',N/A
1838,United Kingdom,EU,North,England,Torquay,N/A
1839,France,EU,Central,Languedoc-Roussillon,Narbonne,N/A
1840,Bangladesh,APAC,Central Asia,Sylhet,Sylhet,N/A
1841,Malaysia,APAC,Southeast Asia,Sabah,Sandakan,N/A
1842,Japan,APAC,North Asia,Ishikawa,Takamatsu,N/A
1843,Bahrain,EMEA,EMEA,Muharraq,Al Muharraq,N/A
1844,India,APAC,Central Asia,Maharashtra,Akola,N/A
1845,United States,US,East,New York,Troy,12180.0
1846,United States,US,West,California,El Cajon,92020.0
1847,United Kingdom,EU,North,England,Birkenhead,N/A
1848,France,EU,Central,Provence-Alpes-Côte d'Azur,Istres,N/A
1849,France,EU,Central,Ile-de-France,Noisy-le-Sec,N/A
1850,China,APAC,North Asia,Zhejiang,Shangyu,N/A
1851,Canada,Canada,Canada,Manitoba,Winnipeg,N/A
1852,Canada,Canada,Canada,British Columbia,Burnaby,N/A
1853,Romania,EMEA,EMEA,Bacau,Bacau,N/A
1854,China,APAC,North Asia,Jiangsu,Nantong,N/A
1855,France,EU,Central,Provence-Alpes-Côte d'Azur,Mougins,N/A
1856,Italy,EU,South,Trentino-Alto Adige,Bolzano,N/A
1857,France,EU,Central,Picardy,Amiens,N/A
1858,Philippines,APAC,Southeast Asia,Northern Mindanao,Valencia,N/A
1859,Brazil,LATAM,South,Rio Grande do Sul,Farroupilha,N/A
1860,China,APAC,North Asia,Tianjin,Hangu,N/A
1861,Turkey,EMEA,EMEA,Istanbul,Uskudar,N/A
1862,China,APAC,North Asia,Hunan,Wuxi,N/A
1863,Spain,EU,South,Andalusía,Lora del Río,N/A
1864,United States,US,Central,Texas,Mcallen,78501.0
1865,Panama,LATAM,Central,Colón,Colón,N/A
1866,France,EU,Central,Ile-de-France,Torcy,N/A
1867,Iran,EMEA,EMEA,Zanjan,Zanjan,N/A
1868,Nigeria,Africa,Africa,Cross River,Calabar,N/A
1869,New Zealand,APAC,Oceania,Bay of Plenty,Rotorua,N/A
1870,Mexico,LATAM,North,Veracruz,Veracruz,N/A
1871,Turkey,EMEA,EMEA,Ankara,Sincan,N/A
1872,Germany,EU,Central,North Rhine-Westphalia,Paderborn,N/A
1873,France,EU,Central,Ile-de-France,Orsay,N/A
1874,United States,US,East,Ohio,Medina,44256.0
1875,Venezuela,LATAM,South,Miranda,Guatire,N/A
1876,France,EU,Central,Ile-de-France,Thiais,N/A
1877,Paraguay,LATAM,South,Central,San Lorenzo,N/A
1878,Russia,EMEA,EMEA,Bashkortostan,Sterlitamak,N/A
1879,France,EU,Central,Aquitaine,La Teste-de-Buch,N/A
1880,Israel,EMEA,EMEA,Haifa,Haifa,N/A
1881,Colombia,LATAM,South,Atlántico,Barranquilla,N/A
1882,Niger,Africa,Africa,Maradi,Maradi,N/A
1883,United States,US,Central,Michigan,Dearborn,48126.0
1884,Brazil,LATAM,South,Santa Catarina,Blumenau,N/A
1885,Brazil,LATAM,South,Pernambuco,Gravatá,N/A
1886,United States,US,West,Arizona,Scottsdale,85254.0
1887,United States,US,West,California,Oxnard,93030.0
1888,United Kingdom,EU,North,England,Margate,N/A
1889,Italy,EU,South,Sicily,Trapani,N/A
1890,France,EU,Central,Aquitaine,Lormont,N/A
1891,Brazil,LATAM,South,Rio Grande do Sul,Sapucaia do Sul,N/A
1892,Brazil,LATAM,South,Maranhão,Paço do Lumiar,N/A
1893,China,APAC,North Asia,Hubei,Jingmen,N/A
1894,Indonesia,APAC,Southeast Asia,Bengkulu,Bengkulu,N/A
1895,United States,US,Central,Missouri,Kirkwood,63122.0
1896,Mozambique,Africa,Africa,Niassa,Lichinga,N/A
1897,Pakistan,APAC,Central Asia,Punjab,Sargodha,N/A
1898,Turkey,EMEA,EMEA,Mardin,Mardin,N/A
1899,France,EU,Central,Ile-de-France,Aulnay-sous-Bois,N/A
1900,United States,US,West,Arizona,Mesa,85204.0
1901,India,APAC,Central Asia,Bihar,Bihar Sharif,N/A
1902,Canada,Canada,Canada,Ontario,Ottawa,N/A
1903,United Kingdom,EU,North,England,Huyton,N/A
1904,Pakistan,APAC,Central Asia,Sindh,Hyderabad,N/A
1905,Yemen,EMEA,EMEA,Ta'izz,Taizz,N/A
1906,France,EU,Central,Ile-de-France,Trappes,N/A
1907,France,EU,Central,Ile-de-France,Montrouge,N/A
1908,Angola,Africa,Africa,Huambo,Huambo,N/A
1909,Germany,EU,Central,North Rhine-Westphalia,Wuppertal,N/A
1910,Italy,EU,South,Veneto,Verona,N/A
1911,United Kingdom,EU,North,England,Brighton,N/A
1912,Germany,EU,Central,Bavaria,Bayreuth,N/A
1913,Turkey,EMEA,EMEA,Ankara,Ankara,N/A
1914,Mexico,LATAM,North,Puebla,Tehuacán,N/A
1915,United Kingdom,EU,North,England,Redditch,N/A
1916,United States,US,West,Washington,Kent,98031.0
1917,Vietnam,APAC,Southeast Asia,Dà Nang,Da Nang,N/A
1918,South Africa,Africa,Africa,Eastern Cape,Umtata,N/A
1919,India,APAC,Central Asia,Karnataka,Hubli,N/A
1920,Germany,EU,Central,Brandenburg,Ludwigsfelde,N/A
1921,United Kingdom,EU,North,England,Maidenhead,N/A
1922,Germany,EU,Central,Lower Saxony,Delmenhorst,N/A
1923,United States,US,South,Florida,Miami,33142.0
1924,Canada,Canada,Canada,Ontario,Kingston,N/A
1925,France,EU,Central,Ile-de-France,Gagny,N/A
1926,United Kingdom,EU,North,England,Weston-super-Mare,N/A
1927,Malaysia,APAC,Southeast Asia,Trengganu,Kuala Terengganu,N/A
1928,Germany,EU,Central,Lower Saxony,Emden,N/A
1929,Germany,EU,Central,Baden-Württemberg,Karlsruhe,N/A
1930,Jordan,EMEA,EMEA,'Amman,Amman,N/A
1931,France,EU,Central,Aquitaine,Pau,N/A
1932,Canada,Canada,Canada,Alberta,Calgary,N/A
1933,Canada,Canada,Canada,Ontario,Whitby,N/A
1934,Italy,EU,South,Lombardy,Legnano,N/A
1935,India,APAC,Central Asia,West Bengal,Baranagar,N/A
1936,Peru,LATAM,South,Arequipa,Arequipa,N/A
1937,Brazil,LATAM,South,Rio Grande do Sul,Gravataí,N/A
1938,Brazil,LATAM,South,Rio de Janeiro,Niterói,N/A
1939,France,EU,Central,Provence-Alpes-Côte d'Azur,Avignon,N/A
1940,Iran,EMEA,EMEA,Kordestan,Sanandaj,N/A
1941,Turkey,EMEA,EMEA,Kocaeli,Gebze,N/A
1942,France,EU,Central,Nord-Pas-de-Calais,Hazebrouck,N/A
1943,Sweden,EU,North,Uppsala,Uppsala,N/A
1944,Poland,EMEA,EMEA,Pomerania,Slupsk,N/A
1945,United States,US,Central,Indiana,South Bend,46614.0
1946,France,EU,Central,Aquitaine,Agen,N/A
1947,United Kingdom,EU,North,England,Wallasey,N/A
1948,United Arab Emirates,EMEA,EMEA,Ra's Al Khaymah,Ras al Khaymah,N/A
1949,Australia,APAC,Oceania,Tasmania,Burnie,N/A
1950,China,APAC,North Asia,Henan,Xinxiang,N/A
1951,Spain,EU,South,Basque Country,Irun,N/A
1952,Indonesia,APAC,Southeast Asia,Kalimantan Barat,Pontianak,N/A
1953,United States,US,Central,Michigan,Roseville,48066.0
1954,Germany,EU,Central,North Rhine-Westphalia,Grevenbroich,N/A
1955,Canada,Canada,Canada,Ontario,Hamilton,N/A
1956,Brazil,LATAM,South,Rio Grande do Sul,Santa Rosa,N/A
1957,Argentina,LATAM,South,Entre Ríos,Paraná,N/A
1958,United States,US,Central,Michigan,Canton,48187.0
1959,United Kingdom,EU,North,England,Guildford,N/A
1960,Poland,EMEA,EMEA,Silesia,Ruda Slaska,N/A
1961,France,EU,Central,Provence-Alpes-Côte d'Azur,Six-Fours-les-Plages,N/A
1962,United States,US,South,Kentucky,Murray,42071.0
1963,Brazil,LATAM,South,Bahia,Salvador,N/A
1964,United Kingdom,EU,North,England,Luton,N/A
1965,Germany,EU,Central,Brandenburg,Cottbus,N/A
1966,United Kingdom,EU,North,Scotland,Kilwinning,N/A
1967,China,APAC,North Asia,Sichuan,Neijiang,N/A
1968,Albania,EMEA,EMEA,Shkodër,Shkoder,N/A
1969,Iran,EMEA,EMEA,Khuzestan,Abadan,N/A
1970,United States,US,Central,Kansas,Overland Park,66212.0
1971,Philippines,APAC,Southeast Asia,Calabarzon,Cainta,N/A
1972,Netherlands,EU,Central,North Holland,Velsen,N/A
1973,Iran,EMEA,EMEA,Khuzestan,Ahvaz,N/A
1974,United States,US,Central,Oklahoma,Lawton,73505.0
1975,United States,US,East,New Jersey,Paterson,7501.0
1976,India,APAC,Central Asia,Gujarat,Jamnagar,N/A
1977,Sweden,EU,North,Västra Götaland,Gothenburg,N/A
1978,South Africa,Africa,Africa,Kwazulu-natal,Durban,N/A
1979,Cuba,LATAM,Caribbean,Matanzas,Cárdenas,N/A
1980,Germany,EU,Central,North Rhine-Westphalia,Rheine,N/A
1981,Venezuela,LATAM,South,Zulia,Maracaibo,N/A
1982,France,EU,Central,Nord-Pas-de-Calais,Tourcoing,N/A
1983,United States,US,Central,Missouri,Saint Peters,63376.0
1984,Brazil,LATAM,South,Bahia,Guanambi,N/A
1985,Pakistan,APAC,Central Asia,Sindh,Sukkur,N/A
1986,France,EU,Central,Rhône-Alpes,Firminy,N/A
1987,Spain,EU,South,Madrid,Las Rozas de Madrid,N/A
1988,India,APAC,Central Asia,Uttar Pradesh,Moradabad,N/A
1989,Tanzania,Africa,Africa,Shinyanga,Shinyanga,N/A
1990,Moldova,EMEA,EMEA,Chisinau,Chisinau,N/A
1991,United States,US,West,California,Lakewood,90712.0
1992,Japan,APAC,North Asia,Ibaraki,Sakai,N/A
1993,Brazil,LATAM,South,Bahia,Barreiras,N/A
1994,France,EU,Central,Corsica,Ajaccio,N/A
1995,France,EU,Central,Rhône-Alpes,Meyzieu,N/A
1996,Turkey,EMEA,EMEA,Batman,Batman,N/A
1997,United States,US,Central,Wisconsin,La Crosse,54601.0
1998,Democratic Republic of the Congo,Africa,Africa,South Kivu,Bukavu,N/A
1999,Argentina,LATAM,South,Mendoza,San Rafael,N/A
2000,Iran,EMEA,EMEA,Golestan,Gorgan,N/A
2001,United States,US,South,Georgia,Woodstock,30188.0
2002,Italy,EU,South,Lombardy,Brescia,N/A
2003,Germany,EU,Central,Baden-Württemberg,Heidelberg,N/A
2004,France,EU,Central,Alsace,Haguenau,N/A
2005,Nigeria,Africa,Africa,Plateau,Jos,N/A
2006,Chile,LATAM,South,Magallanes y Antártica Chilena,Punta Arenas,N/A
2007,Ireland,EU,North,Galway,Galway,N/A
2008,China,APAC,North Asia,Zhejiang,Wenzhou,N/A
2009,Romania,EMEA,EMEA,Gorj,Targu Jiu,N/A
2010,Germany,EU,Central,Bavaria,Ingolstadt,N/A
2011,United States,US,East,West Virginia,Wheeling,26003.0
2012,United States,US,South,Mississippi,Southaven,38671.0
2013,Colombia,LATAM,South,Huila,Neiva,N/A
2014,France,EU,Central,Ile-de-France,Savigny-le-Temple,N/A
2015,Spain,EU,South,Catalonia,Tarragona,N/A
2016,China,APAC,North Asia,Henan,Pingdingshan,N/A
2017,Brazil,LATAM,South,Rio Grande do Sul,Canoas,N/A
2018,Romania,EMEA,EMEA,Timis,Timisoara,N/A
2019,Germany,EU,Central,Mecklenburg-Vorpommern,Stralsund,N/A
2020,Spain,EU,South,Ceuta,Ceuta,N/A
2021,Bulgaria,EMEA,EMEA,Varna,Varna,N/A
2022,Turkey,EMEA,EMEA,Nevsehir,Nevsehir,N/A
2023,Mexico,LATAM,North,Guanajuato,Guanajuato,N/A
2024,Iran,EMEA,EMEA,Qazvin,Takestan,N/A
2025,Argentina,LATAM,South,Provincia de Buenos Aires,Quilmes,N/A
2026,Brazil,LATAM,South,Acre,Rio Branco,N/A
2027,United States,US,West,Oregon,Salem,97301.0
2028,El Salvador,LATAM,Central,San Salvador,Delgado,N/A
2029,Romania,EMEA,EMEA,Bistrita-Nasaud,Bistrita,N/A
2030,Philippines,APAC,Southeast Asia,Central Luzon,Angeles City,N/A
2031,Germany,EU,Central,North Rhine-Westphalia,Gelsenkirchen,N/A
2032,Peru,LATAM,South,Junín,Huancayo,N/A
2033,United States,US,West,California,Vallejo,94591.0
2034,Netherlands,EU,Central,Utrecht,Amersfoort,N/A
2035,United States,US,West,California,Camarillo,93010.0
2036,China,APAC,North Asia,Shandong,Linyi,N/A
2037,Ukraine,EMEA,EMEA,Kherson,Kherson,N/A
2038,Spain,EU,South,Catalonia,Girona,N/A
2039,Germany,EU,Central,North Rhine-Westphalia,Dorsten,N/A
2040,Ukraine,EMEA,EMEA,Kirovohrad,Kirovohrad,N/A
2041,Dominican Republic,LATAM,Caribbean,Espaillat,Moca,N/A
2042,Ukraine,EMEA,EMEA,Zaporizhzhya,Berdyans'k,N/A
2043,Brazil,LATAM,South,São Paulo,Osasco,N/A
2044,Italy,EU,South,Apulia,Cerignola,N/A
2045,Iran,EMEA,EMEA,Bushehr,Borazjan,N/A
2046,Austria,EU,Central,Upper Austria,Wels,N/A
2047,United States,US,West,California,Mission Viejo,92691.0
2048,Switzerland,EU,Central,Bern,Berne,N/A
2049,Brazil,LATAM,South,Pernambuco,Surubim,N/A
2050,United States,US,Central,Minnesota,Woodbury,55125.0
2051,India,APAC,Central Asia,Jammu and Kashmir,Jammu,N/A
2052,United States,US,Central,Illinois,Des Plaines,60016.0
2053,Cote d'Ivoire,Africa,Africa,Dix-Huit Montagnes,Man,N/A
2054,France,EU,Central,Brittany,Saint-Malo,N/A
2055,Cameroon,Africa,Africa,Sud,Ebolowa,N/A
2056,Benin,Africa,Africa,Donga,Djougou,N/A
2057,Senegal,Africa,Africa,Thies,Thies Nones,N/A
2058,Brazil,LATAM,South,Alagoas,Pilar,N/A
2059,Algeria,Africa,Africa,Batna,Batna,N/A
2060,United States,US,West,California,Roseville,95661.0
2061,France,EU,Central,Aquitaine,Villenave-d'Ornon,N/A
2062,United States,US,East,New Jersey,Passaic,7055.0
2063,United Kingdom,EU,North,England,Wakefield,N/A
2064,Germany,EU,Central,Schleswig-Holstein,Norderstedt,N/A
2065,France,EU,Central,Ile-de-France,Saint-Michel-sur-Orge,N/A
2066,Croatia,EMEA,EMEA,Zagrebacka,Samobor,N/A
2067,Canada,Canada,Canada,Saskatchewan,Regina,N/A
2068,China,APAC,North Asia,Hunan,Changsha,N/A
2069,United States,US,Central,Michigan,Dearborn Heights,48127.0
2070,United States,US,West,Idaho,Twin Falls,83301.0
2071,France,EU,Central,Ile-de-France,Les Clayes-sous-Bois,N/A
2072,China,APAC,North Asia,Chongqing,Yongchuan,N/A
2073,France,EU,Central,Ile-de-France,Melun,N/A
2074,Germany,EU,Central,Saxony,Chemnitz,N/A
2075,Netherlands,EU,Central,South Holland,Rotterdam,N/A
2076,Germany,EU,Central,Rhineland-Palatinate,Koblenz,N/A
2077,Indonesia,APAC,Southeast Asia,Sumatera Utara,Binjai,N/A
2078,United States,US,West,Arizona,Yuma,85364.0
2079,Jordan,EMEA,EMEA,'Amman,Wadi as Sir,N/A
2080,Germany,EU,Central,North Rhine-Westphalia,Hagen,N/A
2081,Iran,EMEA,EMEA,Sistan Va Baluchestan,Zahedan,N/A
2082,China,APAC,North Asia,Guangdong,Heyuan,N/A
2083,United Kingdom,EU,North,England,Halesowen,N/A
2084,China,APAC,North Asia,Guangxi,Pingnan,N/A
2085,Angola,Africa,Africa,Huila,Lubango,N/A
2086,Turkey,EMEA,EMEA,Adana,Ceyhan,N/A
2087,United States,US,South,South Carolina,Mount Pleasant,29464.0
2088,China,APAC,North Asia,Hebei,Xingtai,N/A
2089,Iran,EMEA,EMEA,Hormozgan,Bandar Abbas,N/A
2090,Haiti,LATAM,Caribbean,Artibonite,Gonaïves,N/A
2091,United States,US,South,North Carolina,Wilmington,28403.0
2092,Italy,EU,South,Abruzzi,Chieti,N/A
2093,France,EU,Central,Burgundy,Auxerre,N/A
2094,United States,US,West,New Mexico,Rio Rancho,87124.0
2095,France,EU,Central,Aquitaine,Gradignan,N/A
2096,United States,US,Central,Michigan,Trenton,48183.0
2097,Romania,EMEA,EMEA,Satu Mare,Satu Mare,N/A
2098,Spain,EU,South,Catalonia,Badalona,N/A
2099,Turkey,EMEA,EMEA,Izmir,Bornova,N/A
2100,Lebanon,EMEA,EMEA,North Lebanon,Tripoli,N/A
2101,United Kingdom,EU,North,England,Lincoln,N/A
2102,United Kingdom,EU,North,England,Washington,N/A
2103,United States,US,South,Louisiana,Monroe,71203.0
2104,United States,US,West,California,Lake Forest,92630.0
2105,Switzerland,EU,Central,Zürich,Winterthur,N/A
2106,France,EU,Central,Lower Normandy,Caen,N/A
2107,Brazil,LATAM,South,Santa Catarina,Araranguá,N/A
2108,France,EU,Central,Languedoc-Roussillon,Frontignan,N/A
2109,Mexico,LATAM,North,Coahuila,Piedras Negras,N/A
2110,China,APAC,North Asia,Anhui,Huangshan,N/A
2111,Russia,EMEA,EMEA,Dagestan,Derbent,N/A
2112,United States,US,Central,Illinois,Wheeling,60090.0
2113,Romania,EMEA,EMEA,Valcea,Ramnicu Valcea,N/A
2114,United States,US,East,Pennsylvania,Reading,19601.0
2115,Israel,EMEA,EMEA,Central,Hod HaSharon,N/A
2116,United States,US,West,California,Hesperia,92345.0
2117,Democratic Republic of the Congo,Africa,Africa,Orientale,Kisangani,N/A
2118,Australia,APAC,Oceania,Queensland,Gladstone,N/A
2119,Brazil,LATAM,South,São Paulo,Santos,N/A
2120,France,EU,Central,Provence-Alpes-Côte d'Azur,Pertuis,N/A
2121,France,EU,Central,Upper Normandy,Mont-Saint-Aignan,N/A
2122,France,EU,Central,Provence-Alpes-Côte d'Azur,Le Pontet,N/A
2123,China,APAC,North Asia,Hunan,Zhuzhou,N/A
2124,France,EU,Central,Midi-Pyrénées,Colomiers,N/A
2125,Australia,APAC,Oceania,New South Wales,Cessnock,N/A
2126,China,APAC,North Asia,Henan,Nanyang,N/A
2127,Colombia,LATAM,South,Nariño,Pasto,N/A
2128,United States,US,West,California,San Bernardino,92404.0
2129,United States,US,South,Florida,Apopka,32712.0
2130,Algeria,Africa,Africa,Batna,Barika,N/A
2131,China,APAC,North Asia,Fujian,Fuzhou,N/A
2132,Philippines,APAC,Southeast Asia,Calabarzon,Taytay,N/A
2133,France,EU,Central,Ile-de-France,Ermont,N/A
2134,China,APAC,North Asia,Henan,Zhoukou,N/A
2135,France,EU,Central,Ile-de-France,Les Mureaux,N/A
2136,Iran,EMEA,EMEA,Razavi Khorasan,Quchan,N/A
2137,Mexico,LATAM,North,Tamaulipas,Miramar,N/A
2138,Georgia,EMEA,EMEA,Imereti,K'ut'aisi,N/A
2139,Spain,EU,South,Murcia,Cartagena,N/A
2140,Poland,EMEA,EMEA,Silesia,Myslowice,N/A
2141,Ukraine,EMEA,EMEA,Rivne,Rivne,N/A
2142,Netherlands,EU,Central,Drenthe,Emmen,N/A
2143,China,APAC,North Asia,Hunan,Chenzhou,N/A
2144,United States,US,East,Massachusetts,Revere,2151.0
2145,Poland,EMEA,EMEA,Masovia,Siedlce,N/A
2146,China,APAC,North Asia,Heilongjiang,Shuangyashan,N/A
2147,Brazil,LATAM,South,Minas Gerais,Paracatu,N/A
2148,South Korea,APAC,North Asia,Jeju,Aew?l-li,N/A
2149,Colombia,LATAM,South,Chocó,Quibdó,N/A
2150,Russia,EMEA,EMEA,Stavropol',Budënnovsk,N/A
2151,Bulgaria,EMEA,EMEA,Burgas,Burgas,N/A
2152,Russia,EMEA,EMEA,Chelyabinsk,Zlatoust,N/A
2153,Brazil,LATAM,South,Espírito Santo,Vitória,N/A
2154,Afghanistan,APAC,Central Asia,Nangarhar,Jalalabad,N/A
2155,Spain,EU,South,Catalonia,Sabadell,N/A
2156,Brazil,LATAM,South,São Paulo,Presidente Prudente,N/A
2157,Cameroon,Africa,Africa,Nord,Garoua,N/A
2158,Democratic Republic of the Congo,Africa,Africa,Katanga,Kolwezi,N/A
2159,Spain,EU,South,Andalusía,San Fernando,N/A
2160,Belgium,EU,Central,Liège,Verviers,N/A
2161,United States,US,Central,Kansas,Wichita,67212.0
2162,United States,US,West,Oregon,Eugene,97405.0
2163,India,APAC,Central Asia,Uttar Pradesh,Saharanpur,N/A
2164,Italy,EU,South,Lombardy,Cremona,N/A
2165,Brazil,LATAM,South,Rio de Janeiro,Duque de Caxias,N/A
2166,Poland,EMEA,EMEA,Masovia,Warsaw,N/A
2167,United States,US,West,California,Bakersfield,93309.0
2168,Brazil,LATAM,South,Rio Grande do Sul,Lajeado,N/A
2169,Czech Republic,EMEA,EMEA,Plzen,Plzen,N/A
2170,Belarus,EMEA,EMEA,Homyel',Mazyr,N/A
2171,Spain,EU,South,Madrid,Getafe,N/A
2172,China,APAC,North Asia,Inner Mongolia,Tongliao,N/A
2173,Mexico,LATAM,North,Chiapas,San Cristóbal de Las Casas,N/A
2174,United States,US,East,Ohio,Mentor,44060.0
2175,Turkey,EMEA,EMEA,Bursa,Bursa,N/A
2176,Brazil,LATAM,South,Santa Catarina,Gaspar,N/A
2177,South Korea,APAC,North Asia,Daegu,Daegu,N/A
2178,Brazil,LATAM,South,Minas Gerais,Betim,N/A
2179,Australia,APAC,Oceania,New South Wales,Goulburn,N/A
2180,Brazil,LATAM,South,Parana,Rolândia,N/A
2181,China,APAC,North Asia,Hubei,Laohekou,N/A
2182,United Kingdom,EU,North,England,Blackburn,N/A
2183,Netherlands,EU,Central,Gelderland,Doetinchem,N/A
2184,Romania,EMEA,EMEA,Botosani,Botosani,N/A
2185,Egypt,Africa,Africa,Bani Suwayf,Beni Suef,N/A
2186,France,EU,Central,Midi-Pyrénées,Tarbes,N/A
2187,Italy,EU,South,Sicily,Modica,N/A
2188,United States,US,Central,Texas,Grand Prairie,75051.0
2189,Swaziland,Africa,Africa,Manzini,Manzini,N/A
2190,United States,US,Central,Texas,Port Arthur,77642.0
2191,Mexico,LATAM,North,Guanajuato,San Francisco del Rincón,N/A
2192,France,EU,Central,Ile-de-France,Chatou,N/A
2193,United States,US,East,Ohio,Akron,44312.0
2194,Italy,EU,South,Piedmont,Novara,N/A
2195,United States,US,West,Colorado,Broomfield,80020.0
2196,Netherlands,EU,Central,South Holland,Capelle aan den IJssel,N/A
2197,Brazil,LATAM,South,São Paulo,Francisco Morato,N/A
2198,Australia,APAC,Oceania,Queensland,Torquay,N/A
2199,South Africa,Africa,Africa,Western Cape,Stellenbosch,N/A
2200,United States,US,Central,Indiana,La Porte,46350.0
2201,France,EU,Central,Lorraine,Bar-le-Duc,N/A
2202,Brazil,LATAM,South,São Paulo,Jundiaí,N/A
2203,Mexico,LATAM,North,México,Cuautitlán,N/A
2204,Spain,EU,South,Castile and León,Palencia,N/A
2205,Nigeria,Africa,Africa,Enugu,Enugu,N/A
2206,Egypt,Africa,Africa,Aswan,Idfu,N/A
2207,United States,US,Central,Illinois,Buffalo Grove,60089.0
2208,United States,US,Central,Illinois,Woodstock,60098.0
2209,Mexico,LATAM,North,Colima,Manzanillo,N/A
2210,Brazil,LATAM,South,Pernambuco,Recife,N/A
2211,United Kingdom,EU,North,England,Bedford,N/A
2212,Tanzania,Africa,Africa,Ruvuma,Mbinga,N/A
2213,United States,US,South,North Carolina,Monroe,28110.0
2214,Cameroon,Africa,Africa,Nord-Ouest,Bamenda,N/A
2215,Germany,EU,Central,Baden-Württemberg,Heilbronn,N/A
2216,Mexico,LATAM,North,Jalisco,Puerto Vallarta,N/A
2217,China,APAC,North Asia,Heilongjiang,Qiqihar,N/A
2218,France,EU,Central,Ile-de-France,Sarcelles,N/A
2219,France,EU,Central,Nord-Pas-de-Calais,Carvin,N/A
2220,Italy,EU,South,Lazio,Latina,N/A
2221,Indonesia,APAC,Southeast Asia,Jawa Tengah,Purwokerto,N/A
2222,United States,US,Central,Minnesota,Rochester,55901.0
2223,Italy,EU,South,Campania,Torre del Greco,N/A
2224,Turkey,EMEA,EMEA,Diyarbakir,Diyarbakir,N/A
2225,France,EU,Central,Ile-de-France,Mitry-Mory,N/A
2226,India,APAC,Central Asia,Uttarakhand,Srinagar,N/A
2227,Romania,EMEA,EMEA,Mures,Targu Mures,N/A
2228,Trinidad and Tobago,LATAM,Caribbean,Chaguanas,Chaguanas,N/A
2229,United States,US,East,New York,Utica,13501.0
2230,Colombia,LATAM,South,Norte de Santander,Los Patios,N/A
2231,Brazil,LATAM,South,Goiás,Anápolis,N/A
2232,United States,US,South,Florida,Orlando,32839.0
2233,United Kingdom,EU,North,England,Bournemouth,N/A
2234,Brazil,LATAM,South,Rio Grande do Sul,Porto Alegre,N/A
2235,Brazil,LATAM,South,São Paulo,São José dos Campos,N/A
2236,United States,US,West,California,Pico Rivera,90660.0
2237,Malaysia,APAC,Southeast Asia,Perak,Taiping,N/A
2238,Brazil,LATAM,South,São Paulo,Andradina,N/A
2239,Germany,EU,Central,Thuringia,Erfurt,N/A
2240,United States,US,West,Washington,Olympia,98502.0
2241,United States,US,West,California,Vacaville,95687.0
2242,United States,US,West,Oregon,Tigard,97224.0
2243,United States,US,West,California,Stockton,95207.0
2244,Bulgaria,EMEA,EMEA,Vratsa,Vratsa,N/A
2245,Venezuela,LATAM,South,Guárico,Valle de La Pascua,N/A
2246,Spain,EU,South,Castile-La Mancha,Talavera de la Reina,N/A
2247,United States,US,East,New York,Hempstead,11550.0
2248,Italy,EU,South,Tuscany,Montecatini Terme,N/A
2249,Venezuela,LATAM,South,Bolivar,Guayana,N/A
2250,United States,US,Central,Missouri,Gladstone,64118.0
2251,China,APAC,North Asia,Hubei,Yingcheng,N/A
2252,Mexico,LATAM,North,Chiapas,Tuxtla Gutiérrez,N/A
2253,Philippines,APAC,Southeast Asia,National Capital,Pasig,N/A
2254,Peru,LATAM,South,Ucayali,Pucallpa,N/A
2255,United States,US,South,Tennessee,Johnson City,37604.0
2256,Canada,Canada,Canada,Ontario,Richmond Hill,N/A
2257,Italy,EU,South,Campania,Capua,N/A
2258,Mexico,LATAM,North,Querétaro,San Juan del Río,N/A
2259,Peru,LATAM,South,Ica,Chincha Alta,N/A
2260,United States,US,West,California,Oceanside,92054.0
2261,Brazil,LATAM,South,Paraíba,Sousa,N/A
2262,United Kingdom,EU,North,England,Norwich,N/A
2263,Italy,EU,South,Campania,Boscoreale,N/A
2264,Germany,EU,Central,Baden-Württemberg,Friedrichshafen,N/A
2265,Uzbekistan,EMEA,EMEA,Namangan,Namangan,N/A
2266,Bolivia,LATAM,South,Tarija,Yacuiba,N/A
2267,Chile,LATAM,South,Santiago,La Pintana,N/A
2268,France,EU,Central,Ile-de-France,Corbeil-Essonnes,N/A
2269,France,EU,Central,Aquitaine,Anglet,N/A
2270,Cameroon,Africa,Africa,Est,Bertoua,N/A
2271,Brazil,LATAM,South,Piauí,Teresina,N/A
2272,Honduras,LATAM,Central,Yoro,El Progreso,N/A
2273,Democratic Republic of the Congo,Africa,Africa,Bandundu,Kikwit,N/A
2274,South Africa,Africa,Africa,Limpopo,Giyani,N/A
2275,Colombia,LATAM,South,Santander,Girón,N/A
2276,Israel,EMEA,EMEA,Tel Aviv,Holon,N/A
2277,Brazil,LATAM,South,Pará,Altamira,N/A
2278,United States,US,Central,Michigan,Oak Park,48237.0
2279,Brazil,LATAM,South,Rio de Janeiro,Cabo Frio,N/A
2280,France,EU,Central,Auvergne,Moulins,N/A
2281,United Kingdom,EU,North,England,Stockport,N/A
2282,Guatemala,LATAM,Central,Guatemala,Amatitlán,N/A
2283,United States,US,Central,Wisconsin,Eau Claire,54703.0
2284,United Kingdom,EU,North,England,Hove,N/A
2285,Turkey,EMEA,EMEA,Istanbul,Kartal,N/A
2286,United States,US,East,Pennsylvania,York,17403.0
2287,Nigeria,Africa,Africa,Oyo,Ibadan,N/A
2288,Brazil,LATAM,South,São Paulo,Jacareí,N/A
2289,Germany,EU,Central,North Rhine-Westphalia,Marl,N/A
2290,France,EU,Central,Ile-de-France,Bonneuil-sur-Marne,N/A
2291,United States,US,Central,Illinois,Skokie,60076.0
2292,Saudi Arabia,EMEA,EMEA,'Asir,Abha,N/A
2293,Tanzania,Africa,Africa,Tanga,Tanga,N/A
2294,United Kingdom,EU,North,England,Eastbourne,N/A
2295,Egypt,Africa,Africa,Suhaj,Tahta,N/A
2296,Belarus,EMEA,EMEA,Vitsyebsk,Orsha,N/A
2297,Yemen,EMEA,EMEA,Ibb,Ibb,N/A
2298,Brazil,LATAM,South,Minas Gerais,Passos,N/A
2299,France,EU,Central,Lower Normandy,Cherbourg-Octeville,N/A
2300,Mexico,LATAM,North,Morelos,Temixco,N/A
2301,United States,US,Central,Illinois,Oswego,60543.0
2302,United Kingdom,EU,North,England,Rottingdean,N/A
2303,China,APAC,North Asia,Heilongjiang,Hailin,N/A
2304,United States,US,West,California,Salinas,93905.0
2305,Morocco,Africa,Africa,Souss-Massa-Draâ,Agadir,N/A
2306,France,EU,Central,Languedoc-Roussillon,Castelnau-le-Lez,N/A
2307,Romania,EMEA,EMEA,Neamt,Roman,N/A
2308,United States,US,West,California,Costa Mesa,92627.0
2309,Ukraine,EMEA,EMEA,Chernihiv,Chernihiv,N/A
2310,Zambia,Africa,Africa,Southern,Livingstone,N/A
2311,United States,US,Central,Wisconsin,Superior,54880.0
2312,United States,US,West,California,Whittier,90604.0
2313,Kenya,Africa,Africa,Nyanza,Kisumu,N/A
2314,Algeria,Africa,Africa,Constantine,Constantine,N/A
2315,Democratic Republic of the Congo,Africa,Africa,Maniema,Kindu,N/A
2316,Egypt,Africa,Africa,Al Buhayrah,Damanhur,N/A
2317,Egypt,Africa,Africa,Al Minufiyah,Minuf,N/A
2318,Ukraine,EMEA,EMEA,Cherkasy,Cherkasy,N/A
2319,Turkey,EMEA,EMEA,Bolu,Bolu,N/A
2320,United States,US,West,California,Morgan Hill,95037.0
2321,India,APAC,Central Asia,Rajasthan,Kota,N/A
2322,India,APAC,Central Asia,Haryana,Hisar,N/A
2323,United States,US,Central,Illinois,Carol Stream,60188.0
2324,France,EU,Central,Centre,Chartres,N/A
2325,United States,US,Central,Texas,Lubbock,79424.0
2326,China,APAC,North Asia,Guangxi,Guiping,N/A
2327,China,APAC,North Asia,Hebei,Shijiazhuang,N/A
2328,Peru,LATAM,South,Callao,Callao,N/A
2329,Japan,APAC,North Asia,Oita,Yokkaichi,N/A
2330,Kyrgyzstan,EMEA,EMEA,Osh,Osh,N/A
2331,United Kingdom,EU,North,England,Rochdale,N/A
2332,Mexico,LATAM,North,Oaxaca,Salina Cruz,N/A
2333,Germany,EU,Central,Baden-Württemberg,Villingen-Schwenningen,N/A
2334,China,APAC,North Asia,Jilin,Huadian,N/A
2335,Venezuela,LATAM,South,Vargas,Catia La Mar,N/A
2336,France,EU,Central,Pays de la Loire,Cholet,N/A
2337,South Korea,APAC,North Asia,Gyeonggi,Bucheon,N/A
2338,France,EU,Central,Ile-de-France,Fontenay-sous-Bois,N/A
2339,United States,US,South,Florida,Hollywood,33021.0
2340,Sweden,EU,North,Stockholm,Nacka,N/A
2341,France,EU,Central,Provence-Alpes-Côte d'Azur,Cannes,N/A
2342,Philippines,APAC,Southeast Asia,Calabarzon,Calamba,N/A
2343,France,EU,Central,Nord-Pas-de-Calais,La Madeleine,N/A
2344,United Kingdom,EU,North,Scotland,Livingston,N/A
2345,Brazil,LATAM,South,Roraima,Boa Vista,N/A
2346,United States,US,South,Arkansas,Pine Bluff,71603.0
2347,Sudan,Africa,Africa,White Nile,Ad Diwem,N/A
2348,India,APAC,Central Asia,Telangana,Karimnagar,N/A
2349,Afghanistan,APAC,Central Asia,Hirat,Herat,N/A
2350,Japan,APAC,North Asia,Osaka,Takatsuki,N/A
2351,United States,US,East,New Jersey,Clifton,7011.0
2352,Russia,EMEA,EMEA,Irkutsk,Angarsk,N/A
2353,Italy,EU,South,Lombardy,Gallarate,N/A
2354,Mexico,LATAM,North,Quintana Roo,Chetumal,N/A
2355,United States,US,South,Tennessee,Franklin,37064.0
2356,United States,US,East,Maine,Bangor,4401.0
2357,Netherlands,EU,Central,North Holland,Zaanstad,N/A
2358,United States,US,Central,Indiana,Mishawaka,46544.0
2359,Ukraine,EMEA,EMEA,Donetsk,Horlivka,N/A
2360,Brazil,LATAM,South,Alagoas,São Miguel dos Campos,N/A
2361,Ghana,Africa,Africa,Northern,Tamale,N/A
2362,France,EU,Central,Provence-Alpes-Côte d'Azur,Salon-de-Provence,N/A
2363,France,EU,Central,Poitou-Charentes,Cognac,N/A
2364,Bulgaria,EMEA,EMEA,Plovdiv,Plovdiv,N/A
2365,France,EU,Central,Nord-Pas-de-Calais,Halluin,N/A
2366,United Kingdom,EU,North,England,Hereford,N/A
2367,China,APAC,North Asia,Zhejiang,Huzhou,N/A
2368,Germany,EU,Central,North Rhine-Westphalia,Recklinghausen,N/A
2369,Ecuador,LATAM,South,Manabi,Portoviejo,N/A
2370,Cameroon,Africa,Africa,Adamaoua,Ngaoundere,N/A
2371,Brazil,LATAM,South,Rio Grande do Sul,São Leopoldo,N/A
2372,Italy,EU,South,Tuscany,Pistoia,N/A
2373,Spain,EU,South,Catalonia,Rubí,N/A
2374,China,APAC,North Asia,Chongqing,Hechuan,N/A
2375,Poland,EMEA,EMEA,Masovia,Radom,N/A
2376,Turkey,EMEA,EMEA,Istanbul,Esenyurt,N/A
2377,Italy,EU,South,Lombardy,Bergamo,N/A
2378,Brazil,LATAM,South,São Paulo,Diadema,N/A
2379,France,EU,Central,Ile-de-France,Vanves,N/A
2380,Tanzania,Africa,Africa,Kilimanjaro,Moshi,N/A
2381,Brazil,LATAM,South,São Paulo,Jaú,N/A
2382,Brazil,LATAM,South,Santa Catarina,Caçador,N/A
2383,United States,US,West,California,Murrieta,92563.0
2384,Bolivia,LATAM,South,La Paz,La Paz,N/A
2385,Philippines,APAC,Southeast Asia,Central Luzon,San Jose del Monte,N/A
2386,United States,US,Central,Minnesota,Moorhead,56560.0
2387,Brazil,LATAM,South,São Paulo,Lorena,N/A
2388,United Kingdom,EU,North,England,Northwich,N/A
2389,India,APAC,Central Asia,Telangana,Warangal,N/A
2390,Turkey,EMEA,EMEA,Ankara,Polatli,N/A
2391,United Kingdom,EU,North,England,Dunstable,N/A
2392,Turkmenistan,EMEA,EMEA,Ashgabat,Ashgabat,N/A
2393,Colombia,LATAM,South,Caquetá,Florencia,N/A
2394,India,APAC,Central Asia,Maharashtra,Dhule,N/A
2395,Iran,EMEA,EMEA,Esfahan,Najafabad,N/A
2396,France,EU,Central,Franche-Comté,Belfort,N/A
2397,United States,US,West,California,Santa Maria,93454.0
2398,United States,US,West,New Mexico,Carlsbad,88220.0
2399,Mexico,LATAM,North,Jalisco,Lagos de Moreno,N/A
2400,France,EU,Central,Ile-de-France,Pontault-Combault,N/A
2401,United States,US,Central,Texas,Bryan,77803.0
2402,Turkey,EMEA,EMEA,Manisa,Turgutlu,N/A
2403,United States,US,South,Georgia,Athens,30605.0
2404,Italy,EU,South,Marche,Pesaro,N/A
2405,United States,US,South,Florida,Saint Petersburg,33710.0
2406,United States,US,East,Massachusetts,Quincy,2169.0
2407,Romania,EMEA,EMEA,Iasi,Iasi,N/A
2408,Brazil,LATAM,South,Rio Grande do Norte,Mossoró,N/A
2409,Germany,EU,Central,Hesse,Friedberg,N/A
2410,United States,US,East,Pennsylvania,Lancaster,17602.0
2411,China,APAC,North Asia,Henan,Puyang,N/A
2412,Chile,LATAM,South,Los Lagos,Puerto Montt,N/A
2413,Egypt,Africa,Africa,Al Fayyum,Al Fayyum,N/A
2414,Jordan,EMEA,EMEA,Irbid,Irbid,N/A
2415,Brazil,LATAM,South,Minas Gerais,Barbacena,N/A
2416,China,APAC,North Asia,Henan,Zhumadian,N/A
2417,Iran,EMEA,EMEA,Markazi,Arak,N/A
2418,France,EU,Central,Languedoc-Roussillon,Perpignan,N/A
2419,United States,US,East,New Jersey,Westfield,7090.0
2420,United States,US,Central,Texas,Waco,76706.0
2421,Germany,EU,Central,Baden-Württemberg,Ludwigsburg,N/A
2422,France,EU,Central,Ile-de-France,Franconville,N/A
2423,Brazil,LATAM,South,Alagoas,Penedo,N/A
2424,Ukraine,EMEA,EMEA,Dnipropetrovs'k,Dniprodzerzhyns'k,N/A
2425,Cote d'Ivoire,Africa,Africa,Savanes,Korhogo,N/A
2426,France,EU,Central,Lower Normandy,Flers,N/A
2427,Poland,EMEA,EMEA,Lesser Poland,Tarnow,N/A
2428,Germany,EU,Central,Lower Saxony,Lohne,N/A
2429,Tanzania,Africa,Africa,Mara,Musoma,N/A
2430,Tanzania,Africa,Africa,Mbeya,Mbeya,N/A
2431,Japan,APAC,North Asia,Aichi,Kasugai,N/A
2432,Brazil,LATAM,South,Bahia,Senhor do Bonfim,N/A
2433,France,EU,Central,Rhône-Alpes,Sallanches,N/A
2434,Netherlands,EU,Central,Gelderland,Apeldoorn,N/A
2435,Turkey,EMEA,EMEA,Bingol,Karliova,N/A
2436,France,EU,Central,Midi-Pyrénées,Plaisance-du-Touch,N/A
2437,Turkey,EMEA,EMEA,Kirsehir,Kirsehir,N/A
2438,Iran,EMEA,EMEA,Gilan,Bandar-e Anzali,N/A
2439,Italy,EU,South,Friuli-Venezia Giulia,Trieste,N/A
2440,Turkey,EMEA,EMEA,Balikesir,Balikesir,N/A
2441,France,EU,Central,Ile-de-France,Colombes,N/A
2442,Mexico,LATAM,North,Veracruz,Acayucan,N/A
2443,United States,US,Central,Texas,Irving,75061.0
2444,Italy,EU,South,Emilia-Romagna,Carpi,N/A
2445,Iran,EMEA,EMEA,Mazandaran,Amol,N/A
2446,Pakistan,APAC,Central Asia,Punjab,Bahawalpur,N/A
2447,Iran,EMEA,EMEA,Sistan Va Baluchestan,Zabol,N/A
2448,Spain,EU,South,Catalonia,Reus,N/A
2449,Portugal,EU,South,Braga,Braga,N/A
2450,Spain,EU,South,Extremadura,Badajoz,N/A
2451,France,EU,Central,Lorraine,Hayange,N/A
2452,Algeria,Africa,Africa,Bejaia,Bejaia,N/A
2453,Germany,EU,Central,North Rhine-Westphalia,Unna,N/A
2454,United States,US,South,Arkansas,Texarkana,71854.0
2455,Bolivia,LATAM,South,Chuquisaca,Sucre,N/A
2456,United States,US,West,California,Ontario,91761.0
2457,France,EU,Central,Pays de la Loire,La Roche-sur-Yon,N/A
2458,Netherlands,EU,Central,Overijssel,Almelo,N/A
2459,Brazil,LATAM,South,Rio Grande do Sul,Vacaria,N/A
2460,Spain,EU,South,Andalusía,Marbella,N/A
2461,United States,US,South,Louisiana,Lake Charles,70601.0
2462,Turkey,EMEA,EMEA,Malatya,Malatya,N/A
2463,Brazil,LATAM,South,Pernambuco,Bezerros,N/A
2464,Saudi Arabia,EMEA,EMEA,Ash Sharqiyah,Al Hufuf,N/A
2465,Brazil,LATAM,South,Rio Grande do Sul,Bagé,N/A
2466,Netherlands,EU,Central,South Holland,Delft,N/A
2467,Netherlands,EU,Central,Limburg,Sittard,N/A
2468,India,APAC,Central Asia,West Bengal,Panihati,N/A
2469,Mexico,LATAM,North,Michoacán,Hidalgo,N/A
2470,France,EU,Central,Ile-de-France,Choisy-le-Roi,N/A
2471,India,APAC,Central Asia,Rajasthan,Raipur,N/A
2472,Netherlands,EU,Central,North Holland,Uithoorn,N/A
2473,United States,US,Central,South Dakota,Sioux Falls,57103.0
2474,France,EU,Central,Ile-de-France,Eragny,N/A
2475,United States,US,West,California,Lake Elsinore,92530.0
2476,Mexico,LATAM,North,Baja California,Rosarito,N/A
2477,United States,US,East,New York,New Rochelle,10801.0
2478,India,APAC,Central Asia,Chandigarh,Chandigarh,N/A
2479,Japan,APAC,North Asia,Kanagawa,Sagamihara,N/A
2480,China,APAC,North Asia,Sichuan,Xichang,N/A
2481,France,EU,Central,Provence-Alpes-Côte d'Azur,Cagnes-sur-Mer,N/A
2482,Poland,EMEA,EMEA,Silesia,Zabrze,N/A
2483,Spain,EU,South,Murcia,Molina de Segura,N/A
2484,Democratic Republic of the Congo,Africa,Africa,Bas-Congo,Matadi,N/A
2485,China,APAC,North Asia,Yunnan,Kaiyuan,N/A
2486,Argentina,LATAM,South,Corrientes,Esquina,N/A
2487,Iran,EMEA,EMEA,Markazi,Saveh,N/A
2488,Turkey,EMEA,EMEA,Ankara,Cankaya,N/A
2489,Brazil,LATAM,South,Rio Grande do Sul,Uruguaiana,N/A
2490,France,EU,Central,Rhône-Alpes,Valence,N/A
2491,Zimbabwe,Africa,Africa,Harare,Chitungwiza,N/A
2492,South Africa,Africa,Africa,Eastern Cape,East London,N/A
2493,United States,US,South,Arkansas,Conway,72032.0
2494,Nigeria,Africa,Africa,Borno,Maiduguri,N/A
2495,France,EU,Central,Ile-de-France,Gonesse,N/A
2496,Netherlands,EU,Central,South Holland,Schiedam,N/A
2497,United States,US,South,Mississippi,Hattiesburg,39401.0
2498,Germany,EU,Central,North Rhine-Westphalia,Wetter (Ruhr),N/A
2499,Colombia,LATAM,South,Santander,Floridablanca,N/A
2500,United Kingdom,EU,North,England,Halifax,N/A
2501,United Kingdom,EU,North,England,Bebington,N/A
2502,France,EU,Central,Ile-de-France,Saint-Cloud,N/A
2503,Brazil,LATAM,South,Mato Grosso,Pontes e Lacerda,N/A
2504,United Kingdom,EU,North,England,Solihull,N/A
2505,Turkey,EMEA,EMEA,Hatay,Iskenderun,N/A
2506,Turkey,EMEA,EMEA,Canakkale,Canakkale,N/A
2507,United States,US,East,New York,Freeport,11520.0
2508,Turkey,EMEA,EMEA,Adana,Kozan,N/A
2509,United States,US,West,Montana,Helena,59601.0
2510,Albania,EMEA,EMEA,Vlorë,Vlore,N/A
2511,Italy,EU,South,Lombardy,Monza,N/A
2512,United States,US,South,Florida,Palm Coast,32137.0
2513,Brazil,LATAM,South,Rio de Janeiro,São Pedro da Aldeia,N/A
2514,Democratic Republic of the Congo,Africa,Africa,South Kivu,Uvira,N/A
2515,Japan,APAC,North Asia,Tokyo,Edogawa-ku,N/A
2516,Indonesia,APAC,Southeast Asia,Jawa Barat,Cirebon,N/A
2517,Kazakhstan,EMEA,EMEA,Aqmola,Kokshetau,N/A
2518,Belgium,EU,Central,Brussels,Brussels,N/A
2519,China,APAC,North Asia,Jiangsu,Yancheng,N/A
2520,Canada,Canada,Canada,British Columbia,Saanich,N/A
2521,United States,US,West,California,Manteca,95336.0
2522,France,EU,Central,Ile-de-France,Neuilly-sur-Marne,N/A
2523,Thailand,APAC,Southeast Asia,Nakhon Ratchasima,Nakhon Ratchasima,N/A
2524,France,EU,Central,Lorraine,Saint-Avold,N/A
2525,Turkey,EMEA,EMEA,Izmir,Gaziemir,N/A
2526,United States,US,Central,Texas,Edinburg,78539.0
2527,Netherlands,EU,Central,Overijssel,Hengelo,N/A
2528,Indonesia,APAC,Southeast Asia,Jawa Tengah,Pekalongan,N/A
2529,Germany,EU,Central,Saxony-Anhalt,Naumburg,N/A
2530,Italy,EU,South,Lazio,Civitavecchia,N/A
2531,Germany,EU,Central,North Rhine-Westphalia,Dinslaken,N/A
2532,Poland,EMEA,EMEA,Greater Poland,Pila,N/A
2533,United States,US,West,California,Moreno Valley,92553.0
2534,Turkey,EMEA,EMEA,Antalya,Antalya,N/A
2535,France,EU,Central,Lorraine,Epinal,N/A
2536,France,EU,Central,Provence-Alpes-Côte d'Azur,Grasse,N/A
2537,United Kingdom,EU,North,England,Ipswich,N/A
2538,United Kingdom,EU,North,Scotland,East Kilbride,N/A
2539,Poland,EMEA,EMEA,Silesia,Chorzow,N/A
2540,France,EU,Central,Ile-de-France,Montfermeil,N/A
2541,Germany,EU,Central,North Rhine-Westphalia,Gummersbach,N/A
2542,Italy,EU,South,Sicily,Marsala,N/A
2543,South Korea,APAC,North Asia,Gyeonggi,Suwon,N/A
2544,Turkey,EMEA,EMEA,Izmir,Buca,N/A
2545,Spain,EU,South,Catalonia,Sant Boi de Llobregat,N/A
2546,Turkey,EMEA,EMEA,Van,Van,N/A
2547,United States,US,East,New Jersey,Hackensack,7601.0
2548,Mexico,LATAM,North,Jalisco,Guzmán,N/A
2549,Brazil,LATAM,South,Bahia,Cruz das Almas,N/A
2550,Argentina,LATAM,South,Río Negro,Cipolletti,N/A
2551,China,APAC,North Asia,Jilin,Siping,N/A
2552,Colombia,LATAM,South,Arauca,Arauca,N/A
2553,Indonesia,APAC,Southeast Asia,Jawa Barat,Sukabumi,N/A
2554,Brazil,LATAM,South,São Paulo,Registro,N/A
2555,Ukraine,EMEA,EMEA,Sevastopol',Sevastopol,N/A
2556,Germany,EU,Central,North Rhine-Westphalia,Langenfeld,N/A
2557,India,APAC,Central Asia,Uttar Pradesh,Mirzapur,N/A
2558,United States,US,East,New York,Rome,13440.0
2559,Netherlands,EU,Central,Utrecht,Zeist,N/A
2560,Italy,EU,South,Campania,Benevento,N/A
2561,Finland,EU,North,Kymenlaakso,Kotka,N/A
2562,Dominican Republic,LATAM,Caribbean,Peravia,Baní,N/A
2563,Japan,APAC,North Asia,Osaka,Ibaraki,N/A
2564,Morocco,Africa,Africa,Taza-Al Hoceima-Taounate,Taza,N/A
2565,Brazil,LATAM,South,Ceará,Quixadá,N/A
2566,Japan,APAC,North Asia,Osaka,Yao,N/A
2567,Venezuela,LATAM,South,Nueva Esparta,Porlamar,N/A
2568,Uzbekistan,EMEA,EMEA,Qashqadaryo,Qarshi,N/A
2569,Ukraine,EMEA,EMEA,Ternopil',Ternopil',N/A
2570,France,EU,Central,Ile-de-France,Le Blanc-Mesnil,N/A
2571,Indonesia,APAC,Southeast Asia,Jawa Barat,Tangerang,N/A
2572,South Africa,Africa,Africa,Gauteng,Centurion,N/A
2573,United States,US,South,Florida,Delray Beach,33445.0
2574,United States,US,South,Florida,Pembroke Pines,33024.0
2575,Colombia,LATAM,South,Nariño,Ipiales,N/A
2576,United States,US,East,Connecticut,Bristol,6010.0
2577,Russia,EMEA,EMEA,Irkutsk,Bratsk,N/A
2578,Pakistan,APAC,Central Asia,Punjab,Sialkot,N/A
2579,France,EU,Central,Aquitaine,Pessac,N/A
2580,China,APAC,North Asia,Shandong,Rizhao,N/A
2581,Vietnam,APAC,Southeast Asia,Khánh Hòa,Nha Trang,N/A
2582,Germany,EU,Central,Baden-Württemberg,Freiburg,N/A
2583,Colombia,LATAM,South,Norte de Santander,Ocaña,N/A
2584,France,EU,Central,Ile-de-France,Bezons,N/A
2585,Bulgaria,EMEA,EMEA,Yambol,Yambol,N/A
2586,China,APAC,North Asia,Heilongjiang,Shangzhi,N/A
2587,Russia,EMEA,EMEA,Bashkortostan,Oktyabr'skiy,N/A
2588,France,EU,Central,Picardy,Senlis,N/A
2589,Argentina,LATAM,South,Provincia de Buenos Aires,Mar del Plata,N/A
2590,Ethiopia,Africa,Africa,Dire Dawa,Dire Dawa,N/A
2591,Italy,EU,South,Sicily,Agrigento,N/A
2592,United Kingdom,EU,North,England,Sale,N/A
2593,France,EU,Central,Nord-Pas-de-Calais,Cambrai,N/A
2594,Nigeria,Africa,Africa,Abia,Aba,N/A
2595,Brazil,LATAM,South,Minas Gerais,Poços de Caldas,N/A
2596,France,EU,Central,Rhône-Alpes,Vaulx-en-Velin,N/A
2597,Rwanda,Africa,Africa,Southern,Butare,N/A
2598,Paraguay,LATAM,South,Asunción,Asunción,N/A
2599,Argentina,LATAM,South,Mendoza,Mendoza,N/A
2600,United Kingdom,EU,North,England,Southport,N/A
2601,United States,US,West,Montana,Missoula,59801.0
2602,Brazil,LATAM,South,Minas Gerais,Itaúna,N/A
2603,Iran,EMEA,EMEA,Razavi Khorasan,Sabzevar,N/A
2604,Canada,Canada,Canada,Ontario,Markham,N/A
2605,India,APAC,Central Asia,Maharashtra,Sangli,N/A
2606,Germany,EU,Central,Bremen,Bremerhaven,N/A
2607,United States,US,South,Florida,Miramar,33023.0
2608,Romania,EMEA,EMEA,Mehedinti,Drobeta-Turnu Severin,N/A
2609,India,APAC,Central Asia,Gujarat,Jodhpur,N/A
2610,Sierra Leone,Africa,Africa,Southern,Bo,N/A
2611,Italy,EU,South,Sicily,Acireale,N/A
2612,France,EU,Central,Picardy,Laon,N/A
2613,United States,US,South,Virginia,Hampton,23666.0
2614,United States,US,West,California,Redding,96003.0
2615,Turkey,EMEA,EMEA,Tekirdag,Corlu,N/A
2616,Romania,EMEA,EMEA,Maramures,Baia Mare,N/A
2617,Venezuela,LATAM,South,Anzoátegui,San José de Guanipa,N/A
2618,Japan,APAC,North Asia,Shizuoka,Nagaoka,N/A
2619,India,APAC,Central Asia,West Bengal,Durgapur,N/A
2620,France,EU,Central,Burgundy,Mâcon,N/A
2621,China,APAC,North Asia,Heilongjiang,Zhaoyuan,N/A
2622,United States,US,Central,Texas,Tyler,75701.0
2623,France,EU,Central,Brittany,Ploemeur,N/A
2624,Mexico,LATAM,North,Baja California Sur,La Paz,N/A
2625,Austria,EMEA,EMEA,Tyrol,Innsbruck,N/A
2626,France,EU,Central,Pays de la Loire,Vertou,N/A
2627,United States,US,East,Massachusetts,Holyoke,1040.0
2628,France,EU,Central,Languedoc-Roussillon,Mauguio,N/A
2629,Japan,APAC,North Asia,Chiba,Funabashi,N/A
2630,Turkey,EMEA,EMEA,Elazig,Elazig,N/A
2631,Argentina,LATAM,South,Santa Fe,San Justo,N/A
2632,Ecuador,LATAM,South,Pichincha,Santo Domingo de los Colorados,N/A
2633,Germany,EU,Central,North Rhine-Westphalia,Gladbeck,N/A
2634,United States,US,West,California,Woodland,95695.0
2635,China,APAC,North Asia,Xinjiang Uygur,Korla,N/A
2636,France,EU,Central,Ile-de-France,Maisons-Alfort,N/A
2637,Italy,EU,South,Apulia,Bisceglie,N/A
2638,United States,US,West,Utah,Draper,84020.0
2639,Brazil,LATAM,South,Pernambuco,Jurema,N/A
2640,India,APAC,Central Asia,Karnataka,Bijapur,N/A
2641,Germany,EU,Central,North Rhine-Westphalia,Witten,N/A
2642,Italy,EU,South,Tuscany,Marina di Carrara,N/A
2643,Brazil,LATAM,South,São Paulo,Taboão da Serra,N/A
2644,France,EU,Central,Ile-de-France,Meaux,N/A
2645,Spain,EU,South,Madrid,Alcobendas,N/A
2646,Germany,EU,Central,Lower Saxony,Cuxhaven,N/A
2647,Benin,Africa,Africa,Atakora,Natitingou,N/A
2648,United Kingdom,EU,North,England,Basingstoke,N/A
2649,Poland,EMEA,EMEA,Silesia,Czestochowa,N/A
2650,United States,US,South,Tennessee,Lebanon,37087.0
2651,Brazil,LATAM,South,Maranhão,Pinheiro,N/A
2652,France,EU,Central,Midi-Pyrénées,Albi,N/A
2653,China,APAC,North Asia,Guangxi,Wuzhou,N/A
2654,Nigeria,Africa,Africa,Kwara,Ilorin,N/A
2655,Brazil,LATAM,South,Maranhão,Barreirinhas,N/A
2656,United States,US,East,New Jersey,East Orange,7017.0
2657,France,EU,Central,Ile-de-France,Goussainville,N/A
2658,Kazakhstan,EMEA,EMEA,Qostanay,Qostanay,N/A
2659,United States,US,East,New Jersey,Vineland,8360.0
2660,Italy,EU,South,Emilia-Romagna,Cesena,N/A
2661,Iran,EMEA,EMEA,Esfahan,Shahreza,N/A
2662,Morocco,Africa,Africa,Chaouia-Ouardigha,Settat,N/A
2663,United States,US,West,California,Rancho Cucamonga,91730.0
2664,Italy,EU,South,Campania,Ercolano,N/A
2665,France,EU,Central,Ile-de-France,Vitry-sur-Seine,N/A
2666,France,EU,Central,Provence-Alpes-Côte d'Azur,Cavaillon,N/A
2667,United Kingdom,EU,North,England,Chesterfield,N/A
2668,France,EU,Central,Centre,Gien,N/A
2669,Egypt,Africa,Africa,Bur Sa'id,Port Said,N/A
2670,Sweden,EU,North,Stockholm,Solna,N/A
2671,Ukraine,EMEA,EMEA,Dnipropetrovs'k,Nikopol',N/A
2672,United States,US,Central,Texas,San Angelo,76903.0
2673,Israel,EMEA,EMEA,Haifa,Hadera,N/A
2674,Brazil,LATAM,South,São Paulo,Itapecerica da Serra,N/A
2675,Mexico,LATAM,North,Jalisco,Ocotlán,N/A
2676,Brazil,LATAM,South,Rondônia,Vilhena,N/A
2677,Israel,EMEA,EMEA,Tel Aviv,Tel Aviv,N/A
2678,United States,US,Central,Michigan,Taylor,48180.0
2679,Chile,LATAM,South,Antofagasta,Antofagasta,N/A
2680,United Kingdom,EU,North,England,Shrewsbury,N/A
2681,France,EU,Central,Upper Normandy,Evreux,N/A
2682,Belgium,EU,Central,Hainaut,Mouscron,N/A
2683,Colombia,LATAM,South,Santander,Bucaramanga,N/A
2684,Poland,EMEA,EMEA,Lodz,Piotrkow Trybunalski,N/A
2685,China,APAC,North Asia,Zhejiang,Jiaxing,N/A
2686,China,APAC,North Asia,Hebei,Zhangjiakou,N/A
2687,Uzbekistan,EMEA,EMEA,Andijan,Andijon,N/A
2688,Germany,EU,Central,North Rhine-Westphalia,Arnsberg,N/A
2689,France,EU,Central,Provence-Alpes-Côte d'Azur,Les Pennes-Mirabeau,N/A
2690,Zimbabwe,Africa,Africa,Harare,Harare,N/A
2691,United States,US,Central,Missouri,Saint Louis,63116.0
2692,Algeria,Africa,Africa,Tizi Ouzou,Boghni,N/A
2693,United Kingdom,EU,North,England,Runcorn,N/A
2694,Uruguay,LATAM,South,Canelones,Las Piedras,N/A
2695,China,APAC,North Asia,Hunan,Changde,N/A
2696,Cuba,LATAM,Caribbean,Las Tunas,Puerto Padre,N/A
2697,France,EU,Central,Pays de la Loire,Carquefou,N/A
2698,United States,US,Central,Iowa,Cedar Rapids,52402.0
2699,Morocco,Africa,Africa,Gharb-Chrarda-Béni Hssen,Kenitra,N/A
2700,Italy,EU,South,Campania,Caserta,N/A
2701,France,EU,Central,Picardy,Saint-Quentin,N/A
2702,Turkey,EMEA,EMEA,Osmaniye,Osmaniye,N/A
2703,United States,US,South,Florida,Miami,33178.0
2704,Argentina,LATAM,South,Misiones,Posadas,N/A
2705,Brazil,LATAM,South,Bahia,Brumado,N/A
2706,China,APAC,North Asia,Hubei,Xianning,N/A
2707,United States,US,South,Tennessee,Chattanooga,37421.0
2708,United States,US,South,Virginia,Salem,24153.0
2709,Iran,EMEA,EMEA,Khuzestan,Khorramshahr,N/A
2710,Sweden,EU,North,Södermanland,Eskilstuna,N/A
2711,India,APAC,Central Asia,Maharashtra,Jalna,N/A
2712,Kazakhstan,EMEA,EMEA,Pavlodar,Pavlodar,N/A
2713,Estonia,EMEA,EMEA,Tartumaa,Tartu,N/A
2714,United States,US,West,California,Encinitas,92024.0
2715,Algeria,Africa,Africa,Sidi Bel Abbes,Sidi Bel Abbes,N/A
2716,Uganda,Africa,Africa,Kampala,Kampala,N/A
2717,Iran,EMEA,EMEA,Qazvin,Qazvin,N/A
2718,Turkey,EMEA,EMEA,Igdir,Igdir,N/A
2719,France,EU,Central,Upper Normandy,Louviers,N/A
2720,Venezuela,LATAM,South,Portuguesa,Guanare,N/A
2721,Egypt,Africa,Africa,Al Minya,Mallawi,N/A
2722,United States,US,Central,Texas,Bedford,76021.0
2723,United Kingdom,EU,North,England,Kettering,N/A
2724,Germany,EU,Central,North Rhine-Westphalia,Leverkusen,N/A
2725,Bosnia and Herzegovina,EMEA,EMEA,Federation of Bosnia and Herzegovina,Zenica,N/A
2726,Russia,EMEA,EMEA,Chelyabinsk,Miass,N/A
2727,Poland,EMEA,EMEA,Silesia,Tychy,N/A
2728,Morocco,Africa,Africa,Meknès-Tafilalet,Khenifra,N/A
2729,Ukraine,EMEA,EMEA,L'viv,Drogobych,N/A
2730,United States,US,West,California,Visalia,93277.0
2731,Hungary,EMEA,EMEA,Hajdu-Bihar,Balmazujvaros,N/A
2732,Guatemala,LATAM,Central,Guatemala,Guatemala City,N/A
2733,France,EU,Central,Centre,Fleury-les-Aubrais,N/A
2734,Morocco,Africa,Africa,Grand Casablanca,Mohammedia,N/A
2735,United States,US,South,Tennessee,Hendersonville,37075.0
2736,Venezuela,LATAM,South,Portuguesa,Acarigua,N/A
2737,Venezuela,LATAM,South,Monagas,Maturín,N/A
2738,Slovakia,EMEA,EMEA,Nitra,Nitra,N/A
2739,Venezuela,LATAM,South,Lara,Barquisimeto,N/A
2740,United States,US,Central,Texas,League City,77573.0
2741,El Salvador,LATAM,Central,Cuscatlán,San Martín,N/A
2742,Netherlands,EU,Central,Gelderland,Barneveld,N/A
2743,Turkey,EMEA,EMEA,Mersin,Tarsus,N/A
2744,Brazil,LATAM,South,Minas Gerais,Pirapora,N/A
2745,United States,US,Central,South Dakota,Rapid City,57701.0
2746,India,APAC,Central Asia,Karnataka,Bellary,N/A
2747,United States,US,Central,Illinois,Frankfort,60423.0
2748,Russia,EMEA,EMEA,Belgorod,Gubkin,N/A
2749,Germany,EU,Central,North Rhine-Westphalia,Velbert,N/A
2750,Sri Lanka,APAC,Central Asia,Western,Colombo,N/A
2751,India,APAC,Central Asia,Uttar Pradesh,Mau,N/A
2752,Netherlands,EU,Central,Overijssel,Zwolle,N/A
2753,Algeria,Africa,Africa,Djelfa,Messaad,N/A
2754,Brazil,LATAM,South,Parana,Umuarama,N/A
2755,United States,US,Central,Illinois,Park Ridge,60068.0
2756,United States,US,East,Connecticut,Norwich,6360.0
2757,Turkey,EMEA,EMEA,Kayseri,Kayseri,N/A
2758,Turkey,EMEA,EMEA,Corum,Corum,N/A
2759,Turkey,EMEA,EMEA,Manisa,Manisa,N/A
2760,France,EU,Central,Ile-de-France,Domont,N/A
2761,France,EU,Central,Ile-de-France,Neuilly-Plaisance,N/A
2762,Brazil,LATAM,South,São Paulo,Lins,N/A
2763,Turkey,EMEA,EMEA,Hatay,Antakya,N/A
2764,Canada,Canada,Canada,Ontario,St. Catharines,N/A
2765,France,EU,Central,Centre,Blois,N/A
2766,Nigeria,Africa,Africa,Akwa Ibom,Ikot Ekpene,N/A
2767,United States,US,Central,Kansas,Manhattan,66502.0
2768,Belgium,EU,Central,Hainaut,Tournai,N/A
2769,France,EU,Central,Burgundy,Montceau-les-Mines,N/A
2770,United States,US,Central,Texas,The Colony,75056.0
2771,Turkey,EMEA,EMEA,Nigde,Nigde,N/A
2772,United States,US,South,Florida,Sanford,32771.0
2773,France,EU,Central,Rhône-Alpes,Bourgoin-Jallieu,N/A
2774,China,APAC,North Asia,Zhejiang,Lanxi,N/A
2775,United States,US,Central,Texas,Conroe,77301.0
2776,China,APAC,North Asia,Guangdong,Lianzhou,N/A
2777,Turkey,EMEA,EMEA,Mersin,Mezitli,N/A
2778,France,EU,Central,Ile-de-France,Sceaux,N/A
2779,Norway,EU,North,Rogaland,Stavanger,N/A
2780,Germany,EU,Central,Baden-Württemberg,Eggenstein-Leopoldshafen,N/A
2781,Italy,EU,South,Marche,Ancona,N/A
2782,Mexico,LATAM,North,Campeche,Campeche,N/A
2783,France,EU,Central,Pays de la Loire,Saint-Herblain,N/A
2784,Russia,EMEA,EMEA,Tambov,Uvarovo,N/A
2785,Germany,EU,Central,North Rhine-Westphalia,Hilden,N/A
2786,France,EU,Central,Pays de la Loire,Saint-Nazaire,N/A
2787,Brazil,LATAM,South,Santa Catarina,Navegantes,N/A
2788,Canada,Canada,Canada,Saskatchewan,Saskatoon,N/A
2789,France,EU,Central,Ile-de-France,Cormeilles-en-Parisis,N/A
2790,India,APAC,Central Asia,West Bengal,Bhatpara,N/A
2791,Niger,Africa,Africa,Zinder,Zinder,N/A
2792,United States,US,West,Washington,Covington,98042.0
2793,United States,US,Central,Kansas,Olathe,66062.0
2794,United Kingdom,EU,North,England,Barnsley,N/A
2795,United States,US,West,California,La Mesa,91941.0
2796,Japan,APAC,North Asia,Osaka,Sakai,N/A
2797,Colombia,LATAM,South,Atlántico,Malambo,N/A
2798,Pakistan,APAC,Central Asia,Khyber Pakhtunkhwa,Mardan,N/A
2799,Peru,LATAM,South,Loreto,Iquitos,N/A
2800,South Africa,Africa,Africa,Gauteng,Randfontein,N/A
2801,Sweden,EU,North,Stockholm,Huddinge,N/A
2802,China,APAC,North Asia,Jiangsu,Chengjiang,N/A
2803,United States,US,West,California,Lancaster,93534.0
2804,Angola,Africa,Africa,Bie,Kuito,N/A
2805,Belarus,EMEA,EMEA,Brest,Pinsk,N/A
2806,France,EU,Central,Midi-Pyrénées,Auch,N/A
2807,Mexico,LATAM,North,Michoacán,Sahuayo de José María Morelos,N/A
2808,France,EU,Central,Rhône-Alpes,Albertville,N/A
2809,Italy,EU,South,Sicily,Vittoria,N/A
2810,Morocco,Africa,Africa,Tanger-Tétouan,Tetouan,N/A
2811,Germany,EU,Central,Hesse,Langen,N/A
2812,Japan,APAC,North Asia,Aichi,Handa,N/A
2813,France,EU,Central,Brittany,Lanester,N/A
2814,United States,US,South,Florida,Daytona Beach,32114.0
2815,Morocco,Africa,Africa,Chaouia-Ouardigha,Khouribga,N/A
2816,France,EU,Central,Provence-Alpes-Côte d'Azur,Gardanne,N/A
2817,United States,US,Central,Illinois,Bloomington,61701.0
2818,Spain,EU,South,Madrid,Valdemoro,N/A
2819,India,APAC,Central Asia,Karnataka,Gulbarga,N/A
2820,United States,US,East,Maryland,Rockville,20852.0
2821,Japan,APAC,North Asia,Fukui,Fukui,N/A
2822,Spain,EU,South,Castile and León,Salamanca,N/A
2823,Argentina,LATAM,South,Santiago del Estero,Santiago del Estero,N/A
2824,China,APAC,North Asia,Jiangsu,Qidong,N/A
2825,Dominican Republic,LATAM,Caribbean,San Cristóbal,Bajos de Haina,N/A
2826,France,EU,Central,Lorraine,Forbach,N/A
2827,United States,US,Central,Illinois,Freeport,61032.0
2828,China,APAC,North Asia,Jiangxi,Yichun,N/A
2829,Spain,EU,South,Andalusía,Cártama,N/A
2830,France,EU,Central,Ile-de-France,Villiers-sur-Marne,N/A
2831,Nigeria,Africa,Africa,Niger,Minna,N/A
2832,Kazakhstan,EMEA,EMEA,Almaty City,Almaty,N/A
2833,Mexico,LATAM,North,Veracruz,Coatzacoalcos,N/A
2834,Brazil,LATAM,South,Minas Gerais,Contagem,N/A
2835,United States,US,East,New York,Niagara Falls,14304.0
2836,Moldova,EMEA,EMEA,Balti,Balti,N/A
2837,South Korea,APAC,North Asia,Ulsan,Ulsan,N/A
2838,United States,US,Central,Kansas,Garden City,67846.0
2839,Japan,APAC,North Asia,Saitama,Kawaguchi,N/A
2840,Brazil,LATAM,South,Minas Gerais,Boa Esperança,N/A
2841,Colombia,LATAM,South,Quindío,Armenia,N/A
2842,Venezuela,LATAM,South,Miranda,Petare,N/A
2843,Brazil,LATAM,South,São Paulo,Bragança Paulista,N/A
2844,Brazil,LATAM,South,São Paulo,Barretos,N/A
2845,Italy,EU,South,Lazio,Guidonia Montecelio,N/A
2846,France,EU,Central,Auvergne,Cournon-d'Auvergne,N/A
2847,France,EU,Central,Nord-Pas-de-Calais,Boulogne-sur-Mer,N/A
2848,Cameroon,Africa,Africa,Littoral,Nkongsamba,N/A
2849,United States,US,Central,Illinois,Palatine,60067.0
2850,Brazil,LATAM,South,Ceará,Tianguá,N/A
2851,United States,US,South,South Carolina,North Charleston,29406.0
2852,United States,US,Central,Illinois,Glenview,60025.0
2853,Madagascar,Africa,Africa,Diana,Antsiranana,N/A
2854,Colombia,LATAM,South,Cesar,Valledupar,N/A
2855,Brazil,LATAM,South,São Paulo,Pindamonhangaba,N/A
2856,Mexico,LATAM,North,Tamaulipas,Tampico,N/A
2857,United States,US,Central,Texas,Coppell,75019.0
2858,Italy,EU,South,Emilia-Romagna,Vignola,N/A
2859,China,APAC,North Asia,Shanxi,Jincheng,N/A
2860,United States,US,East,Maryland,Gaithersburg,20877.0
2861,Turkey,EMEA,EMEA,Kahramanmaras,Kahramanmaras,N/A
2862,United States,US,Central,Texas,Texas City,77590.0
2863,India,APAC,Central Asia,West Bengal,Kamarhati,N/A
2864,Democratic Republic of the Congo,Africa,Africa,Bandundu,Bandundu,N/A
2865,France,EU,Central,Ile-de-France,Chevilly-Larue,N/A
2866,United States,US,East,Ohio,Kent,44240.0
2867,United States,US,South,Florida,Port Saint Lucie,34952.0
2868,Venezuela,LATAM,South,Bolivar,Bolívar,N/A
2869,Nigeria,Africa,Africa,Delta,Warri,N/A
2870,Mexico,LATAM,North,Chihuahua,Delicias,N/A
2871,France,EU,Central,Ile-de-France,Alfortville,N/A
2872,Venezuela,LATAM,South,Yaracuy,Yaritagua,N/A
2873,Ukraine,EMEA,EMEA,Poltava,Kremenchuk,N/A
2874,France,EU,Central,Ile-de-France,Villeparisis,N/A
2875,France,EU,Central,Lorraine,Verdun,N/A
2876,France,EU,Central,Nord-Pas-de-Calais,Berck,N/A
2877,France,EU,Central,Rhône-Alpes,Roanne,N/A
2878,United States,US,South,Georgia,Warner Robins,31088.0
2879,Tanzania,Africa,Africa,Mtwara,Mtwara,N/A
2880,Indonesia,APAC,Southeast Asia,Aceh,Banda Aceh,N/A
2881,United States,US,Central,Michigan,Westland,48185.0
2882,China,APAC,North Asia,Heilongjiang,Jiamusi,N/A
2883,France,EU,Central,Nord-Pas-de-Calais,Roubaix,N/A
2884,France,EU,Central,Ile-de-France,Villeneuve-la-Garenne,N/A
2885,Japan,APAC,North Asia,Tokyo,Katsushika-ku,N/A
2886,United States,US,West,California,San Mateo,94403.0
2887,Italy,EU,South,Marche,Fano,N/A
2888,Portugal,EU,South,Aveiro,Feira,N/A
2889,Cuba,LATAM,Caribbean,Holguín,Moa,N/A
2890,Germany,EU,Central,North Rhine-Westphalia,Viersen,N/A
2891,Brazil,LATAM,South,São Paulo,Mococa,N/A
2892,Poland,EMEA,EMEA,Silesia,Gliwice,N/A
2893,Spain,EU,South,Andalusía,Estepona,N/A
2894,United States,US,East,Delaware,Dover,19901.0
2895,Algeria,Africa,Africa,Mostaganem,Mostaganem,N/A
2896,France,EU,Central,Provence-Alpes-Côte d'Azur,Sanary-sur-Mer,N/A
2897,Australia,APAC,Oceania,Victoria,Warrnambool,N/A
2898,Turkey,EMEA,EMEA,Mersin,Mersin,N/A
2899,Bolivia,LATAM,South,Beni,Trinidad,N/A
2900,France,EU,Central,Lower Normandy,Lisieux,N/A
2901,China,APAC,North Asia,Anhui,Datong,N/A
2902,Germany,EU,Central,Bavaria,Neu-Ulm,N/A
2903,Spain,EU,South,Basque Country,Getxo,N/A
2904,Mexico,LATAM,North,San Luis Potosí,Soledad Díez Gutiérrez,N/A
2905,Italy,EU,South,Emilia-Romagna,Piacenza,N/A
2906,France,EU,Central,Ile-de-France,Clichy,N/A
2907,Japan,APAC,North Asia,Aichi,Toyohashi,N/A
2908,United States,US,East,Connecticut,Milford,6460.0
2909,Kazakhstan,EMEA,EMEA,Astana,Astana,N/A
2910,Ukraine,EMEA,EMEA,Donetsk,Mariupol',N/A
2911,Brazil,LATAM,South,Pernambuco,Garanhuns,N/A
2912,Ukraine,EMEA,EMEA,Zaporizhzhya,Zaporizhzhya,N/A
2913,India,APAC,Central Asia,Rajasthan,Ganganagar,N/A
2914,Venezuela,LATAM,South,Aragua,Maracay,N/A
2915,United States,US,South,South Carolina,Summerville,29483.0
2916,Egypt,Africa,Africa,Asyut,Asyut,N/A
2917,Brazil,LATAM,South,Rio de Janeiro,Vassouras,N/A
2918,Algeria,Africa,Africa,Medea,Medea,N/A
2919,Chile,LATAM,South,Valparaíso,Viña del Mar,N/A
2920,Canada,Canada,Canada,Nova Scotia,Halifax,N/A
2921,Italy,EU,South,Apulia,Trani,N/A
2922,Spain,EU,South,Castile-La Mancha,Toledo,N/A
2923,United Kingdom,EU,North,England,Loughborough,N/A
2924,Netherlands,EU,Central,North Brabant,Helmond,N/A
2925,Germany,EU,Central,Mecklenburg-Vorpommern,Neubrandenburg,N/A
2926,Turkey,EMEA,EMEA,Istanbul,Buyukcekmece,N/A
2927,United Kingdom,EU,North,England,Darton,N/A
2928,China,APAC,North Asia,Jiangxi,Pingxiang,N/A
2929,Morocco,Africa,Africa,Rabat-Salé-Zemmour-Zaer,Khemisset,N/A
2930,United States,US,Central,Texas,College Station,77840.0
2931,Brazil,LATAM,South,Pernambuco,Arcoverde,N/A
2932,Kazakhstan,EMEA,EMEA,Qaraghandy,Dzhezkazgan,N/A
2933,United States,US,South,Kentucky,Bowling Green,42104.0
2934,China,APAC,North Asia,Jilin,Yanji,N/A
2935,United Kingdom,EU,North,Wales,Rhondda,N/A
2936,Poland,EMEA,EMEA,Silesia,Sosnowiec,N/A
2937,Brazil,LATAM,South,Bahia,Jequié,N/A
2938,France,EU,Central,Ile-de-France,Rosny-sous-Bois,N/A
2939,Peru,LATAM,South,Ancash,Chimbote,N/A
2940,Colombia,LATAM,South,Valle del Cauca,Cartago,N/A
2941,France,EU,Central,Champagne-Ardenne,Troyes,N/A
2942,Spain,EU,South,Madrid,Fuenlabrada,N/A
2943,Turkey,EMEA,EMEA,Konya,Konya,N/A
2944,United States,US,South,North Carolina,Wilson,27893.0
2945,United Kingdom,EU,North,England,Clacton-on-Sea,N/A
2946,Italy,EU,South,Lazio,Pomezia,N/A
2947,South Africa,Africa,Africa,Gauteng,Springs,N/A
2948,Germany,EU,Central,North Rhine-Westphalia,Bergheim,N/A
2949,Canada,Canada,Canada,British Columbia,Abbotsford,N/A
2950,Belgium,EU,Central,West Flanders,Bruges,N/A
2951,Brazil,LATAM,South,São Paulo,Cruzeiro,N/A
2952,United States,US,Central,Texas,Harlingen,78550.0
2953,Egypt,Africa,Africa,Ash Sharqiyah,Bilbeis,N/A
2954,Venezuela,LATAM,South,Sucre,Cumaná,N/A
2955,United States,US,West,Washington,Vancouver,98661.0
2956,India,APAC,Central Asia,Haryana,Panipat,N/A
2957,Germany,EU,Central,Baden-Württemberg,Bad Waldsee,N/A
2958,India,APAC,Central Asia,Tripura,Udaipur,N/A
2959,Brazil,LATAM,South,Bahia,Eunápolis,N/A
2960,Denmark,EU,North,Zealand,Kalundborg,N/A
2961,Germany,EU,Central,North Rhine-Westphalia,Bergisch Gladbach,N/A
2962,Brazil,LATAM,South,Rio Grande do Sul,Santa Cruz do Sul,N/A
2963,United States,US,West,Utah,Murray,84107.0
2964,Spain,EU,South,Valenciana,Gandia,N/A
2965,United States,US,Central,Michigan,Grand Rapids,49505.0
2966,Brazil,LATAM,South,Goiás,Águas Lindas de Goiás,N/A
2967,Italy,EU,South,Piedmont,Moncalieri,N/A
2968,Netherlands,EU,Central,Limburg,Roermond,N/A
2969,Germany,EU,Central,Lower Saxony,Wolfsburg,N/A
2970,Algeria,Africa,Africa,Skikda,Skikda,N/A
2971,China,APAC,North Asia,Jilin,Yushu,N/A
2972,Czech Republic,EMEA,EMEA,Moravian-Silesian,Ostrava,N/A
2973,Chile,LATAM,South,Valparaíso,Valparaíso,N/A
2974,Mexico,LATAM,North,Zacatecas,Zacatecas,N/A
2975,Portugal,EU,South,Setúbal,Arrentela,N/A
2976,United States,US,West,California,Citrus Heights,95610.0
2977,France,EU,Central,Ile-de-France,Montesson,N/A
2978,United States,US,South,Arkansas,Hot Springs,71901.0
2979,United States,US,Central,Minnesota,Coon Rapids,55433.0
2980,Israel,EMEA,EMEA,Tel Aviv,Ramat Gan,N/A
2981,China,APAC,North Asia,Shandong,Wendeng,N/A
2982,France,EU,Central,Rhône-Alpes,Caluire-et-Cuire,N/A
2983,Brazil,LATAM,South,Bahia,Camaçari,N/A
2984,Poland,EMEA,EMEA,Podlaskie,Bialystok,N/A
2985,Mexico,LATAM,North,Michoacán,Apatzingán de la Constitución,N/A
2986,Brazil,LATAM,South,Minas Gerais,Vespasiano,N/A
2987,United States,US,East,Massachusetts,Cambridge,2138.0
2988,Algeria,Africa,Africa,Djelfa,Ain Oussera,N/A
2989,Brazil,LATAM,South,Rondônia,Ji-Paraná,N/A
2990,Russia,EMEA,EMEA,Moscow,Kashira,N/A
2991,Turkey,EMEA,EMEA,Adiyaman,Adiyaman,N/A
2992,Romania,EMEA,EMEA,Giurgiu,Giurgiu,N/A
2993,Brazil,LATAM,South,Rio de Janeiro,Barra do Piraí,N/A
2994,Tajikistan,EMEA,EMEA,Khatlon,Kulob,N/A
2995,United States,US,West,New Mexico,Las Cruces,88001.0
2996,Spain,EU,South,Galicia,Pontevedra,N/A
2997,Denmark,EU,North,South Denmark,Esbjerg,N/A
2998,Italy,EU,South,Tuscany,Arezzo,N/A
2999,Spain,EU,South,Andalusía,Mijas,N/A
3000,Mozambique,Africa,Africa,Manica,Chimoio,N/A
3001,Turkey,EMEA,EMEA,Sanliurfa,Sanliurfa,N/A
3002,Brazil,LATAM,South,Ceará,Camocim,N/A
3003,Russia,EMEA,EMEA,Novgorod,Pestovo,N/A
3004,France,EU,Central,Lower Normandy,Argentan,N/A
3005,United States,US,Central,Missouri,Saint Charles,63301.0
3006,France,EU,Central,Lorraine,Sarreguemines,N/A
3007,Germany,EU,Central,Baden-Württemberg,Waiblingen,N/A
3008,France,EU,Central,Ile-de-France,Vigneux-sur-Seine,N/A
3009,Algeria,Africa,Africa,Tlemcen,Tlemcen,N/A
3010,Mexico,LATAM,North,Zacatecas,Fresnillo de González Echeverría,N/A
3011,Iran,EMEA,EMEA,Kermanshah,Javanrud,N/A
3012,France,EU,Central,Poitou-Charentes,Rochefort,N/A
3013,Russia,EMEA,EMEA,Belgorod,Belgorod,N/A
3014,Italy,EU,South,Apulia,Molfetta,N/A
3015,South Africa,Africa,Africa,Gauteng,Westonaria,N/A
3016,Spain,EU,South,Madrid,Majadahonda,N/A
3017,France,EU,Central,Ile-de-France,Maisons-Laffitte,N/A
3018,Brazil,LATAM,South,Piauí,Floriano,N/A
3019,Netherlands,EU,Central,Zeeland,Terneuzen,N/A
3020,France,EU,Central,Ile-de-France,Les Lilas,N/A
3021,Bulgaria,EMEA,EMEA,Sliven,Sliven,N/A
3022,Spain,EU,South,Valenciana,Sagunto,N/A
3023,Nigeria,Africa,Africa,Delta,Sapele,N/A
3024,Italy,EU,South,Campania,Avellino,N/A
3025,Algeria,Africa,Africa,Tipaza,Baraki,N/A
3026,Australia,APAC,Oceania,Victoria,Echuca,N/A
3027,Turkmenistan,EMEA,EMEA,Lebap,Turkmenabat,N/A
3028,Brazil,LATAM,South,Pará,Oriximiná,N/A
3029,Brazil,LATAM,South,Rio Grande do Sul,Erechim,N/A
3030,Netherlands,EU,Central,Friesland,Leeuwarden,N/A
3031,China,APAC,North Asia,Zhejiang,Yiwu,N/A
3032,Peru,LATAM,South,Ayacucho,Ayacucho,N/A
3033,United States,US,Central,Texas,San Marcos,78666.0
3034,Argentina,LATAM,South,Corrientes,Corrientes,N/A
3035,Senegal,Africa,Africa,Ziguinchor,Ziguinchor,N/A
3036,United Kingdom,EU,North,Wales,Briton Ferry,N/A
3037,United Kingdom,EU,North,Wales,Barry,N/A
3038,Iran,EMEA,EMEA,Yazd,Yazd,N/A
3039,Egypt,Africa,Africa,Qina,Qena,N/A
3040,United Kingdom,EU,North,England,Hinckley,N/A
3041,Brazil,LATAM,South,Espírito Santo,Guarapari,N/A
3042,Sweden,EU,North,Skåne,Lund,N/A
3043,France,EU,Central,Centre,Montargis,N/A
3044,France,EU,Central,Ile-de-France,La Celle-Saint-Cloud,N/A
3045,Egypt,Africa,Africa,Ash Sharqiyah,Abu Kabir,N/A
3046,United States,US,West,Idaho,Caldwell,83605.0
3047,China,APAC,North Asia,Guangxi,Lianzhou,N/A
3048,China,APAC,North Asia,Hubei,Xinzhou,N/A
3049,Romania,EMEA,EMEA,Braila,Braila,N/A
3050,China,APAC,North Asia,Hunan,Lianyuan,N/A
3051,Brazil,LATAM,South,Maranhão,Itapecuru Mirim,N/A
3052,Nigeria,Africa,Africa,Yobe,Damaturu,N/A
3053,Turkey,EMEA,EMEA,Düzce,Duzce,N/A
3054,Mali,Africa,Africa,Kayes,Kayes,N/A
3055,Argentina,LATAM,South,Santa Fe,Santa Fe,N/A
3056,United States,US,East,Ohio,Grove City,43123.0
3057,United States,US,Central,Michigan,Rochester Hills,48307.0
3058,Germany,EU,Central,Bavaria,Bamberg,N/A
3059,Netherlands,EU,Central,South Holland,Alphen aan den Rijn,N/A
3060,Colombia,LATAM,South,Boyacá,Sogamoso,N/A
3061,Canada,Canada,Canada,Ontario,Oakville,N/A
3062,Spain,EU,South,Madrid,El Escorial,N/A
3063,United States,US,South,North Carolina,Cary,27511.0
3064,United States,US,Central,Texas,Haltom City,76117.0
3065,Argentina,LATAM,South,Santa Fe,Avellaneda,N/A
3066,Italy,EU,South,Lombardy,Treviglio,N/A
3067,France,EU,Central,Franche-Comté,Lons-le-Saunier,N/A
3068,France,EU,Central,Rhône-Alpes,Oullins,N/A
3069,Brazil,LATAM,South,São Paulo,Indaiatuba,N/A
3070,United Kingdom,EU,North,England,Hemel Hempstead,N/A
3071,Germany,EU,Central,Baden-Württemberg,Mannheim,N/A
3072,Brazil,LATAM,South,Bahia,Juazeiro,N/A
3073,France,EU,Central,Burgundy,Le Creusot,N/A
3074,Canada,Canada,Canada,Quebec,Longueuil,N/A
3075,Cameroon,Africa,Africa,Sud-Ouest,Limbe,N/A
3076,Kazakhstan,EMEA,EMEA,Qaraghandy,Temirtau,N/A
3077,Austria,EMEA,EMEA,Upper Austria,Linz,N/A
3078,India,APAC,Central Asia,Karnataka,Mysore,N/A
3079,China,APAC,North Asia,Inner Mongolia,Hohhot,N/A
3080,United States,US,East,Rhode Island,Woonsocket,2895.0
3081,Turkey,EMEA,EMEA,Kars,Kars,N/A
3082,Turkey,EMEA,EMEA,Eskisehir,Eskisehir,N/A
3083,Japan,APAC,North Asia,Tochigi,Oyama,N/A
3084,Italy,EU,South,Calabria,Cosenza,N/A
3085,China,APAC,North Asia,Hubei,Xiangfan,N/A
3086,Uzbekistan,EMEA,EMEA,Jizzakh,Jizzakh,N/A
3087,Poland,EMEA,EMEA,Lubusz,Zielona Gora,N/A
3088,United Kingdom,EU,North,England,Fareham,N/A
3089,United States,US,South,Florida,Boynton Beach,33437.0
3090,Peru,LATAM,South,Puno,Juliaca,N/A
3091,Poland,EMEA,EMEA,Silesia,Bielsko-Biala,N/A
3092,Kazakhstan,EMEA,EMEA,Qaraghandy,Qaraghandy,N/A
3093,Italy,EU,South,Basilicata,Potenza,N/A
3094,Brazil,LATAM,South,Mato Grosso do Sul,Dourados,N/A
3095,United States,US,Central,Texas,Allen,75002.0
3096,France,EU,Central,Ile-de-France,Montgeron,N/A
3097,Canada,Canada,Canada,Ontario,Windsor,N/A
3098,Germany,EU,Central,North Rhine-Westphalia,Ennigerloh,N/A
3099,Belgium,EU,Central,East Flanders,Aalst,N/A
3100,Bulgaria,EMEA,EMEA,Stara Zagora,Stara Zagora,N/A
3101,Croatia,EMEA,EMEA,Primorsko-Goranska,Rijeka,N/A
3102,United States,US,East,Ohio,Hamilton,45011.0
3103,Brazil,LATAM,South,São Paulo,Catanduva,N/A
3104,Cameroon,Africa,Africa,Ouest,Bafoussam,N/A
3105,Italy,EU,South,Lombardy,Cinisello Balsamo,N/A
3106,Turkey,EMEA,EMEA,Tokat,Tokat,N/A
3107,Germany,EU,Central,Thuringia,Sonneberg,N/A
3108,Netherlands,EU,Central,South Holland,Dordrecht,N/A
3109,Turkey,EMEA,EMEA,Ankara,Etimesgut,N/A
3110,China,APAC,North Asia,Tianjin,Tanggu,N/A
3111,United States,US,Central,Iowa,Marion,52302.0
3112,Portugal,EU,South,Braga,Guimarães,N/A
3113,United States,US,Central,Texas,Odessa,79762.0
3114,France,EU,Central,Nord-Pas-de-Calais,Saint-Pol-sur-Mer,N/A
3115,Venezuela,LATAM,South,Aragua,Turmero,N/A
3116,Colombia,LATAM,South,Valle del Cauca,Palmira,N/A
3117,Peru,LATAM,South,Moquegua,Ilo,N/A
3118,Belgium,EU,Central,East Flanders,Hamme,N/A
3119,China,APAC,North Asia,Zhejiang,Wenling,N/A
3120,Uzbekistan,EMEA,EMEA,Khorezm,Urganch,N/A
3121,Netherlands,EU,Central,Drenthe,Assen,N/A
3122,Turkey,EMEA,EMEA,Sivas,Sivas,N/A
3123,Germany,EU,Central,Bavaria,Passau,N/A
3124,Nigeria,Africa,Africa,Ogun,Shagamu,N/A
3125,Netherlands,EU,Central,Overijssel,Enschede,N/A
3126,United Kingdom,EU,North,England,Southampton,N/A
3127,France,EU,Central,Brittany,Lorient,N/A
3128,Brazil,LATAM,South,Bahia,Ilhéus,N/A
3129,Iraq,EMEA,EMEA,Dhi Qar,An Nasiriyah,N/A
3130,Mexico,LATAM,North,Sonora,San Luis Río Colorado,N/A
3131,Japan,APAC,North Asia,Okayama,Kurashiki,N/A
3132,France,EU,Central,Upper Normandy,Elbeuf,N/A
3133,United States,US,Central,Michigan,Lincoln Park,48146.0
3134,Netherlands,EU,Central,North Holland,Purmerend,N/A
3135,Zambia,Africa,Africa,Central,Kabwe,N/A
3136,Kazakhstan,EMEA,EMEA,Almaty,Sarkand,N/A
3137,United States,US,Central,Indiana,Elkhart,46514.0
3138,Nigeria,Africa,Africa,Imo,Owerri,N/A
3139,France,EU,Central,Ile-de-France,Les Pavillons-sous-Bois,N/A
3140,Uganda,Africa,Africa,Gulu,Gulu,N/A
3141,China,APAC,North Asia,Jiangsu,Taizhou,N/A
3142,United Kingdom,EU,North,England,Nuneaton,N/A
3143,Germany,EU,Central,North Rhine-Westphalia,Willich,N/A
3144,France,EU,Central,Ile-de-France,Tremblay-en-France,N/A
3145,United States,US,Central,Illinois,Quincy,62301.0
3146,Argentina,LATAM,South,Jujuy,San Salvador de Jujuy,N/A
3147,Japan,APAC,North Asia,Ibaraki,Tsukuba,N/A
3148,India,APAC,Central Asia,Chhattisgarh,Durg,N/A
3149,Belarus,EMEA,EMEA,Hrodna,Lida,N/A
3150,United Kingdom,EU,North,England,High Wycombe,N/A
3151,Venezuela,LATAM,South,Aragua,Palo Negro,N/A
3152,Indonesia,APAC,Southeast Asia,Kalimantan Selatan,Banjarmasin,N/A
3153,United States,US,Central,Illinois,Orland Park,60462.0
3154,United States,US,West,Idaho,Meridian,83642.0
3155,United States,US,South,Georgia,Macon,31204.0
3156,Nigeria,Africa,Africa,Anambra,Onitsha,N/A
3157,India,APAC,Central Asia,Haryana,Sonipat,N/A
3158,China,APAC,North Asia,Liaoning,Beipiao,N/A
3159,United States,US,East,Massachusetts,Marlborough,1752.0
3160,Brazil,LATAM,South,Alagoas,Arapiraca,N/A
3161,Argentina,LATAM,South,La Pampa,Santa Rosa,N/A
3162,Italy,EU,South,Lazio,Anzio,N/A
3163,United States,US,Central,Michigan,Holland,49423.0
3164,Slovakia,EMEA,EMEA,Banská Bystrica,Banska Bystrica,N/A
3165,United States,US,West,Colorado,Commerce City,80022.0
3166,Germany,EU,Central,North Rhine-Westphalia,Kerpen,N/A
3167,Cameroon,Africa,Africa,Littoral,Edea,N/A
3168,United Kingdom,EU,North,England,Taunton,N/A
3169,Mexico,LATAM,North,Guanajuato,Acámbaro,N/A
3170,Brazil,LATAM,South,Rondônia,Ariquemes,N/A
3171,Brazil,LATAM,South,Rio Grande do Sul,Rio Grande,N/A
3172,China,APAC,North Asia,Hunan,Loudi,N/A
3173,United States,US,South,Tennessee,Bristol,37620.0
3174,Brazil,LATAM,South,Pernambuco,Palmares,N/A
3175,Brazil,LATAM,South,São Paulo,Guarujá,N/A
3176,France,EU,Central,Alsace,Lingolsheim,N/A
3177,Canada,Canada,Canada,Quebec,Quebec,N/A
3178,France,EU,Central,Rhône-Alpes,Montbrison,N/A
3179,Brazil,LATAM,South,São Paulo,Guaratinguetá,N/A
3180,Germany,EU,Central,Schleswig-Holstein,Flensburg,N/A
3181,China,APAC,North Asia,Guangdong,Yangjiang,N/A
3182,Burundi,Africa,Africa,Bujumbura-Mairie,Bujumbura,N/A
3183,Netherlands,EU,Central,Limburg,Maastricht,N/A
3184,United States,US,West,California,Laguna Niguel,92677.0
3185,Peru,LATAM,South,Puno,Puno,N/A
3186,Somalia,Africa,Africa,Jubbada Hoose,Kismaayo,N/A
3187,France,EU,Central,Burgundy,Beaune,N/A
3188,Bulgaria,EMEA,EMEA,Pazardzhik,Pazardzhik,N/A
3189,Japan,APAC,North Asia,Hokkaido,Asahikawa,N/A
3190,United States,US,East,New Jersey,Linden,7036.0
3191,Tanzania,Africa,Africa,Tabora,Tabora,N/A
3192,United States,US,Central,Illinois,Champaign,61821.0
3193,Mexico,LATAM,North,Guerrero,Zihuatanejo,N/A
3194,Brazil,LATAM,South,Bahia,Jacobina,N/A
3195,China,APAC,North Asia,Sichuan,Deyang,N/A
3196,Argentina,LATAM,South,Neuquén,Neuquén,N/A
3197,United Kingdom,EU,North,England,Chatham,N/A
3198,Turkey,EMEA,EMEA,Bursa,Inegol,N/A
3199,Mali,Africa,Africa,Mopti,Mopti,N/A
3200,Madagascar,Africa,Africa,Haute-Matsiatra,Fianarantsoa,N/A
3201,United States,US,Central,Wisconsin,Wausau,54401.0
3202,Japan,APAC,North Asia,Chiba,Ichikawa,N/A
3203,Peru,LATAM,South,Cajamarca,Cajamarca,N/A
3204,United States,US,West,California,Coachella,92236.0
3205,Belgium,EU,Central,West Flanders,Kortrijk,N/A
3206,Iraq,EMEA,EMEA,Diyala,Baqubah,N/A
3207,Italy,EU,South,Piedmont,Alessandria,N/A
3208,Italy,EU,South,Sicily,Gela,N/A
3209,Benin,Africa,Africa,Borgou,Parakou,N/A
3210,Argentina,LATAM,South,La Rioja,La Rioja,N/A
3211,Poland,EMEA,EMEA,Silesia,Jaworzno,N/A
3212,Argentina,LATAM,South,Provincia de Buenos Aires,Bahía Blanca,N/A
3213,France,EU,Central,Nord-Pas-de-Calais,Ronchin,N/A
3214,South Africa,Africa,Africa,North-West,Rustenburg,N/A
3215,France,EU,Central,Champagne-Ardenne,Chaumont,N/A
3216,Russia,EMEA,EMEA,Yevrey,Birobidzhan,N/A
3217,Brazil,LATAM,South,São Paulo,Caraguatatuba,N/A
3218,Canada,Canada,Canada,Ontario,Peterborough,N/A
3219,United States,US,West,Colorado,Littleton,80122.0
3220,Turkey,EMEA,EMEA,Samsun,Samsun,N/A
3221,China,APAC,North Asia,Guangdong,Foshan,N/A
3222,Russia,EMEA,EMEA,Irkutsk,Usol'ye-Sibirskoye,N/A
3223,Romania,EMEA,EMEA,Arad,Arad,N/A
3224,United States,US,West,Utah,West Jordan,84084.0
3225,Netherlands,EU,Central,Gelderland,Nijmegen,N/A
3226,Brazil,LATAM,South,São Paulo,Tatuí,N/A
3227,Iran,EMEA,EMEA,Khuzestan,Shushtar,N/A
3228,United States,US,South,Louisiana,Kenner,70065.0
3229,United Kingdom,EU,North,England,Maidstone,N/A
3230,Colombia,LATAM,South,Meta,Villavicencio,N/A
3231,China,APAC,North Asia,Beijing,Tongzhou,N/A
3232,United States,US,Central,Illinois,Bolingbrook,60440.0
3233,Italy,EU,South,Veneto,Chioggia,N/A
3234,Brazil,LATAM,South,São Paulo,Praia Grande,N/A
3235,United States,US,South,Florida,Pompano Beach,33068.0
3236,United States,US,Central,Michigan,Saginaw,48601.0
3237,Egypt,Africa,Africa,Kafr Ash Shaykh,Disuq,N/A
3238,France,EU,Central,Ile-de-France,Limay,N/A
3239,Turkey,EMEA,EMEA,Istanbul,Maltepe,N/A
3240,China,APAC,North Asia,Shanxi,Changzhi,N/A
3241,New Zealand,APAC,Oceania,Waikato,Cambridge,N/A
3242,Mexico,LATAM,North,Tamaulipas,Valle Hermoso,N/A
3243,China,APAC,North Asia,Hubei,Zaoyang,N/A
3244,Brazil,LATAM,South,São Paulo,Itapetininga,N/A
3245,Italy,EU,South,Tuscany,Pisa,N/A
3246,China,APAC,North Asia,Jiangxi,Jingdezhen,N/A
3247,France,EU,Central,Nord-Pas-de-Calais,Mons-en-Baroeul,N/A
3248,Canada,Canada,Canada,Quebec,Saint-Laurent,N/A
3249,France,EU,Central,Provence-Alpes-Côte d'Azur,Carpentras,N/A
3250,China,APAC,North Asia,Inner Mongolia,Chifeng,N/A
3251,India,APAC,Central Asia,Uttar Pradesh,Hapur,N/A
3252,Tanzania,Africa,Africa,Morogoro,Morogoro,N/A
3253,Mexico,LATAM,North,Puebla,Teziutlán,N/A
3254,Netherlands,EU,Central,North Holland,Den Helder,N/A
3255,India,APAC,Central Asia,Karnataka,Shimoga,N/A
3256,France,EU,Central,Rhône-Alpes,Annemasse,N/A
3257,Italy,EU,South,Sardinia,Sassari,N/A
3258,United States,US,Central,Texas,Corpus Christi,78415.0
3259,Argentina,LATAM,South,Provincia de Buenos Aires,San Nicolás de los Arroyos,N/A
3260,Belgium,EU,Central,Liège,Seraing,N/A
3261,Netherlands,EU,Central,North Holland,Hilversum,N/A
3262,China,APAC,North Asia,Fujian,Zhangzhou,N/A
3263,United States,US,South,Florida,Melbourne,32935.0
3264,Turkey,EMEA,EMEA,Erzurum,Erzurum,N/A
3265,Chile,LATAM,South,Tarapacá,Iquique,N/A
3266,Venezuela,LATAM,South,Anzoátegui,Barcelona,N/A
3267,Brazil,LATAM,South,São Paulo,Votuporanga,N/A
3268,Czech Republic,EMEA,EMEA,Olomouc,Olomouc,N/A
3269,Nigeria,Africa,Africa,Zamfara,Gusau,N/A
3270,Saudi Arabia,EMEA,EMEA,Al Madinah,Yanbu al Bahr,N/A
3271,United States,US,West,New Mexico,Clovis,88101.0
3272,Portugal,EU,South,Lisboa,Loures,N/A
3273,Sweden,EU,North,Stockholm,Upplands Väsby,N/A
3274,France,EU,Central,Franche-Comté,Vesoul,N/A
3275,South Africa,Africa,Africa,Free State,Bloemfontein,N/A
3276,Brazil,LATAM,South,Mato Grosso,Várzea Grande,N/A
3277,Mexico,LATAM,North,México,Huixquilucan,N/A
3278,Zambia,Africa,Africa,Copperbelt,Luanshya,N/A
3279,Togo,Africa,Africa,Centrale,Sokode,N/A
3280,China,APAC,North Asia,Hunan,Liuyang,N/A
3281,India,APAC,Central Asia,West Bengal,Barddhaman,N/A
3282,Argentina,LATAM,South,Salta,Salta,N/A
3283,Ireland,EU,North,South Dublin,Tallaght,N/A
3284,Italy,EU,South,Sardinia,Quartu Sant'Elena,N/A
3285,United States,US,East,Massachusetts,New Bedford,2740.0
3286,Turkey,EMEA,EMEA,Manisa,Soma,N/A
3287,Italy,EU,South,Emilia-Romagna,Imola,N/A
3288,France,EU,Central,Centre,Olivet,N/A
3289,France,EU,Central,Ile-de-France,Bobigny,N/A
3290,Philippines,APAC,Southeast Asia,Calabarzon,San Pedro,N/A
3291,Iran,EMEA,EMEA,Ilam,Ilam,N/A
3292,Canada,Canada,Canada,Alberta,Red Deer,N/A
3293,France,EU,Central,Aquitaine,Biarritz,N/A
3294,United States,US,West,California,Modesto,95351.0
3295,Iran,EMEA,EMEA,Razavi Khorasan,Torbat-e Heydariyeh,N/A
3296,Ukraine,EMEA,EMEA,Luhans'k,Stakhanov,N/A
3297,Belarus,EMEA,EMEA,Vitsyebsk,Polatsk,N/A
3298,France,EU,Central,Picardy,Abbeville,N/A
3299,China,APAC,North Asia,Ningxia,Shizuishan,N/A
3300,Macedonia,EMEA,EMEA,Kumanovo,Kumanovo,N/A
3301,Turkey,EMEA,EMEA,Mardin,Kiziltepe,N/A
3302,Libya,Africa,Africa,Al Marqab,Al Khums,N/A
3303,Sweden,EU,North,Skåne,Helsingborg,N/A
3304,Canada,Canada,Canada,Newfoundland,St. John's,N/A
3305,Venezuela,LATAM,South,Aragua,El Limón,N/A
3306,Lithuania,EMEA,EMEA,iauliai,Siauliai,N/A
3307,Brazil,LATAM,South,Ceará,Sobral,N/A
3308,South Korea,APAC,North Asia,Gyeonggi,Kwangju,N/A
3309,Romania,EMEA,EMEA,Dolj,Craiova,N/A
3310,Germany,EU,Central,Baden-Württemberg,Baden-Baden,N/A
3311,United States,US,Central,Texas,Cedar Hill,75104.0
3312,United States,US,East,New Jersey,Orange,7050.0
3313,United Kingdom,EU,North,England,Bury,N/A
3314,India,APAC,Central Asia,West Bengal,Barasat,N/A
3315,Turkey,EMEA,EMEA,Antalya,Alanya,N/A
3316,United States,US,Central,Minnesota,Saint Paul,55106.0
3317,Italy,EU,South,Apulia,Bitonto,N/A
3318,Germany,EU,Central,Hesse,Fulda,N/A
3319,Mexico,LATAM,North,México,Melchor Ocampo,N/A
3320,Italy,EU,South,Liguria,Savona,N/A
3321,Austria,EMEA,EMEA,Styria,Graz,N/A
3322,Germany,EU,Central,North Rhine-Westphalia,Borken,N/A
3323,Italy,EU,South,Lazio,Fiumicino,N/A
3324,Brazil,LATAM,South,São Paulo,Itu,N/A
3325,Turkey,EMEA,EMEA,Ordu,Ordu,N/A
3326,Turkmenistan,EMEA,EMEA,Mary,Mary,N/A
3327,Austria,EMEA,EMEA,Salzburg,Salzburg,N/A
3328,Norway,EU,North,Hedmark,Hamar,N/A
3329,United States,US,West,California,La Quinta,92253.0
3330,Mexico,LATAM,North,Nuevo León,Linares,N/A
3331,India,APAC,Central Asia,Uttar Pradesh,Ghaziabad,N/A
3332,China,APAC,North Asia,Henan,Shangqiu,N/A
3333,United States,US,South,North Carolina,Hickory,28601.0
3334,United States,US,West,Oregon,Hillsboro,97123.0
3335,Poland,EMEA,EMEA,Greater Poland,Kalisz,N/A
3336,United States,US,South,Mississippi,Gulfport,39503.0
3337,Ukraine,EMEA,EMEA,Ivano-Frankivsk,Ivano-Frankivs'k,N/A
3338,United States,US,East,Maryland,Laurel,20707.0
3339,Brazil,LATAM,South,Mato Grosso do Sul,Cassilândia,N/A
3340,Germany,EU,Central,Bavaria,Schweinfurt,N/A
3341,South Africa,Africa,Africa,Gauteng,Benoni,N/A
3342,Benin,Africa,Africa,Alibori,Kandi,N/A
3343,Turkey,EMEA,EMEA,Isparta,Isparta,N/A
3344,Cameroon,Africa,Africa,Littoral,Loum,N/A
3345,Tanzania,Africa,Africa,Pwani,Bagamoyo,N/A
3346,United States,US,South,North Carolina,Goldsboro,27534.0
3347,United States,US,South,Florida,Homestead,33030.0
3348,Peru,LATAM,South,La Libertad,Trujillo,N/A
3349,Venezuela,LATAM,South,Zulia,Cabimas,N/A
3350,Ghana,Africa,Africa,Eastern,Koforidua,N/A
3351,United States,US,Central,Indiana,New Albany,47150.0
3352,United States,US,Central,Indiana,Bloomington,47401.0
3353,Nigeria,Africa,Africa,Adamawa,Mubi,N/A
3354,Italy,EU,South,Emilia-Romagna,Rimini,N/A
3355,Brazil,LATAM,South,Amazonas,Manacapuru,N/A
3356,Kazakhstan,EMEA,EMEA,Pavlodar,Ekibastuz,N/A
3357,United States,US,West,California,Santa Clara,95051.0
3358,Portugal,EU,South,Porto,Vila Nova de Gaia,N/A
3359,China,APAC,North Asia,Henan,Anyang,N/A
3360,United Kingdom,EU,North,England,Harlow,N/A
3361,France,EU,Central,Provence-Alpes-Côte d'Azur,La Ciotat,N/A
3362,Brazil,LATAM,South,Amazonas,Coari,N/A
3363,Germany,EU,Central,North Rhine-Westphalia,Hattingen,N/A
3364,Slovakia,EMEA,EMEA,ilina,Zilina,N/A
3365,Turkey,EMEA,EMEA,Kocaeli,Kocaeli,N/A
3366,India,APAC,Central Asia,Telangana,Kukatpalli,N/A
3367,China,APAC,North Asia,Hunan,Huaihua,N/A
3368,Brazil,LATAM,South,Parana,Arapongas,N/A
3369,Iran,EMEA,EMEA,Mazandaran,Babol,N/A
3370,France,EU,Central,Nord-Pas-de-Calais,Faches-Thumesnil,N/A
3371,France,EU,Central,Centre,Saint-Pierre-des-Corps,N/A
3372,Chile,LATAM,South,Santiago,Lo Prado,N/A
3373,Bangladesh,APAC,Central Asia,Chittagong,Coxs B?z?r,N/A
3374,Nigeria,Africa,Africa,Ondo,Owo,N/A
3375,France,EU,Central,Ile-de-France,Pierrefitte-sur-Seine,N/A
3376,United States,US,South,Alabama,Tuscaloosa,35401.0
3377,Brazil,LATAM,South,Pará,Santarém,N/A
3378,Nigeria,Africa,Africa,Osun,Ilesha,N/A
3379,China,APAC,North Asia,Hunan,Yuanjiang,N/A
3380,United States,US,South,Georgia,East Point,30344.0
3381,Brazil,LATAM,South,Rio Grande do Sul,Bento Gonçalves,N/A
3382,United States,US,Central,Minnesota,Cottage Grove,55016.0
3383,United States,US,Central,Minnesota,Apple Valley,55124.0
3384,Japan,APAC,North Asia,Hokkaido,Atsugacho,N/A
3385,France,EU,Central,Ile-de-France,Longjumeau,N/A
3386,United States,US,Central,Minnesota,Eagan,55122.0
3387,Brazil,LATAM,South,Pará,Itaituba,N/A
3388,Romania,EMEA,EMEA,Arges,Pitesti,N/A
3389,Cameroon,Africa,Africa,Sud-Ouest,Kumba,N/A
3390,China,APAC,North Asia,Sichuan,Tongchuan,N/A
3391,United States,US,East,Massachusetts,Leominster,1453.0
3392,Mexico,LATAM,North,San Luis Potosí,Matehuala,N/A
3393,United Arab Emirates,EMEA,EMEA,'Ajman,Ajman,N/A
3394,Turkey,EMEA,EMEA,Istanbul,Umraniye,N/A
3395,Japan,APAC,North Asia,Aomori,Hachinohe,N/A
3396,United Kingdom,EU,North,England,Gillingham,N/A
3397,Canada,Canada,Canada,Ontario,Waterloo,N/A
3398,Mexico,LATAM,North,Sinaloa,Guamúchil,N/A
3399,Algeria,Africa,Africa,Bechar,Bechar,N/A
3400,Brazil,LATAM,South,Santa Catarina,Palhoça,N/A
3401,Brazil,LATAM,South,Acre,Cruzeiro do Sul,N/A
3402,United States,US,South,Tennessee,Murfreesboro,37130.0
3403,Russia,EMEA,EMEA,Novosibirsk,Toguchin,N/A
3404,South Africa,Africa,Africa,Gauteng,Tembisa,N/A
3405,France,EU,Central,Nord-Pas-de-Calais,Denain,N/A
3406,United States,US,West,California,Lodi,95240.0
3407,United States,US,West,Colorado,Englewood,80112.0
3408,China,APAC,North Asia,Hebei,Baoding,N/A
3409,United States,US,West,California,Thousand Oaks,91360.0
3410,Ukraine,EMEA,EMEA,Zhytomyr,Berdychiv,N/A
3411,Germany,EU,Central,Saarland,Schiffweiler,N/A
3412,China,APAC,North Asia,Shandong,Penglai,N/A
3413,Spain,EU,South,Valenciana,Elda,N/A
3414,United Kingdom,EU,North,England,Bideford,N/A
3415,United States,US,East,New Jersey,Bayonne,7002.0
3416,China,APAC,North Asia,Anhui,Chaohu,N/A
3417,United States,US,Central,Missouri,Jefferson City,65109.0
3418,Japan,APAC,North Asia,Hyogo,Amagasaki,N/A
3419,Turkey,EMEA,EMEA,Izmir,Menemen,N/A
3420,Romania,EMEA,EMEA,Vrancea,Focsani,N/A
3421,Turkey,EMEA,EMEA,Tekirdag,Tekirdag,N/A
3422,Zimbabwe,Africa,Africa,Mashonaland West,Kadoma,N/A
3423,United States,US,East,Ohio,Mason,45040.0
3424,Peru,LATAM,South,Piura,Piura,N/A
3425,United Kingdom,EU,North,Scotland,Paisley,N/A
3426,Argentina,LATAM,South,Provincia de Buenos Aires,Junín,N/A
3427,United Kingdom,EU,North,England,Gosport,N/A
3428,South Africa,Africa,Africa,Kwazulu-natal,Ulundi,N/A
3429,Eritrea,Africa,Africa,Anseba,Keren,N/A
3430,France,EU,Central,Ile-de-France,Le Pré-Saint-Gervais,N/A
3431,Israel,EMEA,EMEA,Southern,Be'er Sheva,N/A
3432,Netherlands,EU,Central,North Holland,Alkmaar,N/A
3433,Equatorial Guinea,Africa,Africa,Litoral,Bata,N/A
3434,United States,US,Central,Iowa,Urbandale,50322.0
3435,Pakistan,APAC,Central Asia,Punjab,Gujrat,N/A
3436,South Africa,Africa,Africa,Kwazulu-natal,Stanger,N/A
3437,Canada,Canada,Canada,Ontario,Pickering,N/A
3438,Turkey,EMEA,EMEA,Aksaray,Aksaray,N/A
3439,Turkey,EMEA,EMEA,Amasya,Amasya,N/A
3440,China,APAC,North Asia,Jiangsu,Taixing,N/A
3441,France,EU,Central,Ile-de-France,Moissy-Cramayel,N/A
3442,Nigeria,Africa,Africa,Abuja Capital Territory,Abuja,N/A
3443,Netherlands,EU,Central,South Holland,Vlaardingen,N/A
3444,United States,US,South,North Carolina,Thomasville,27360.0
3445,South Africa,Africa,Africa,Mpumalanga,eMbalenhle,N/A
3446,Ukraine,EMEA,EMEA,Luhans'k,Lisichansk,N/A
3447,Turkey,EMEA,EMEA,Sirnak,Silopi,N/A
3448,Turkey,EMEA,EMEA,Siirt,Siirt,N/A
3449,Mozambique,Africa,Africa,Tete,Tete,N/A
3450,Colombia,LATAM,South,Cundinamarca,Mosquera,N/A
3451,Italy,EU,South,Emilia-Romagna,Faenza,N/A
3452,Benin,Africa,Africa,Atlantique,Ouidah,N/A
3453,South Africa,Africa,Africa,Kwazulu-natal,Mpumalanga,N/A
3454,Brazil,LATAM,South,Pernambuco,Vitória de Santo Antão,N/A
3455,Peru,LATAM,South,Lima,Barranca,N/A
3456,United States,US,East,Massachusetts,Malden,2148.0
3457,Angola,Africa,Africa,Namibe,Namibe,N/A
3458,United States,US,West,Washington,Marysville,98270.0
3459,Canada,Canada,Canada,Nova Scotia,Dartmouth,N/A
3460,United Kingdom,EU,North,England,Bracknell,N/A
3461,Netherlands,EU,Central,North Brabant,Roosendaal,N/A
3462,Armenia,EMEA,EMEA,Lori,Vanadzor,N/A
3463,Italy,EU,South,Umbria,Foligno,N/A
3464,France,EU,Central,Languedoc-Roussillon,Agde,N/A
3465,France,EU,Central,Provence-Alpes-Côte d'Azur,Vence,N/A
3466,Denmark,EU,North,Hovedstaden,Frederiksberg,N/A
3467,United States,US,East,Massachusetts,Andover,1810.0
3468,Morocco,Africa,Africa,Gharb-Chrarda-Béni Hssen,Sidi Qacem,N/A
3469,China,APAC,North Asia,Hunan,Yiyang,N/A
3470,Egypt,Africa,Africa,Al Buhayrah,Kafr ad Dawwar,N/A
3471,Canada,Canada,Canada,British Columbia,Coquitlam,N/A
3472,Brazil,LATAM,South,Parana,Apucarana,N/A
3473,Germany,EU,Central,Brandenburg,Forst,N/A
3474,Sierra Leone,Africa,Africa,Northern,Makeni,N/A
3475,Peru,LATAM,South,Lambayeque,Chiclayo,N/A
3476,United States,US,Central,Indiana,New Castle,47362.0
3477,United States,US,South,Florida,Coral Gables,33134.0
3478,United Kingdom,EU,North,Scotland,Cumbernauld,N/A
3479,United States,US,Central,Texas,Mesquite,75150.0
3480,Bosnia and Herzegovina,EMEA,EMEA,Federation of Bosnia and Herzegovina,Tuzla,N/A
3481,China,APAC,North Asia,Fujian,Quanzhou,N/A
3482,Croatia,EMEA,EMEA,Splitsko-Dalmatinska,Split,N/A
3483,Colombia,LATAM,South,Antioquia,Apartadó,N/A
3484,Russia,EMEA,EMEA,Kabardino-Balkariya,Nal'chik,N/A
3485,Italy,EU,South,Lombardy,Busto Arsizio,N/A
3486,Brazil,LATAM,South,Minas Gerais,Ipatinga,N/A
3487,Spain,EU,South,Catalonia,Manresa,N/A
3488,Nigeria,Africa,Africa,Cross River,Ugep,N/A
3489,Cameroon,Africa,Africa,Extreme-Nord,Maroua,N/A
3490,United States,US,West,California,Redwood City,94061.0
3491,Brazil,LATAM,South,São Paulo,Carapicuíba,N/A
3492,Italy,EU,South,Tuscany,Siena,N/A
3493,Argentina,LATAM,South,Entre Ríos,Concepción del Uruguay,N/A
3494,Egypt,Africa,Africa,Al Minya,Samalut,N/A
3495,South Africa,Africa,Africa,Free State,Botshabelo,N/A
3496,Venezuela,LATAM,South,Zulia,San Carlos del Zulia,N/A
3497,Colombia,LATAM,South,Cundinamarca,Facatativá,N/A
3498,United States,US,Central,Michigan,Sterling Heights,48310.0
3499,Ukraine,EMEA,EMEA,Cherkasy,Uman',N/A
3500,Nigeria,Africa,Africa,Katsina,Funtua,N/A
3501,United States,US,West,California,San Clemente,92672.0
3502,France,EU,Central,Rhône-Alpes,Cluses,N/A
3503,Italy,EU,South,Campania,Afragola,N/A
3504,Mexico,LATAM,North,Chiapas,Tapachula,N/A
3505,Tanzania,Africa,Africa,Pwani,Chalinze,N/A
3506,Brazil,LATAM,South,Ceará,Aracati,N/A
3507,China,APAC,North Asia,Shandong,Weihai,N/A
3508,United States,US,South,Arkansas,Rogers,72756.0
3509,Italy,EU,South,Campania,Cercola,N/A
3510,United Kingdom,EU,North,England,Stafford,N/A
3511,Brazil,LATAM,South,Ceará,São Benedito,N/A
3512,Brazil,LATAM,South,São Paulo,Itapeva,N/A
3513,Czech Republic,EMEA,EMEA,Liberec,Liberec,N/A
3514,United States,US,East,New York,Lindenhurst,11757.0
3515,Mexico,LATAM,North,Guanajuato,Silao,N/A
3516,United States,US,Central,Texas,La Porte,77571.0
3517,France,EU,Central,Brittany,Douarnenez,N/A
3518,Italy,EU,South,Emilia-Romagna,Modena,N/A
3519,United States,US,West,California,Montebello,90640.0
3520,Brazil,LATAM,South,São Paulo,São Vicente,N/A
3521,Iran,EMEA,EMEA,Mazandaran,Chalus,N/A
3522,Poland,EMEA,EMEA,Masovia,Plock,N/A
3523,Czech Republic,EMEA,EMEA,Usti nad Labem,Usti nad Labem,N/A
3524,Romania,EMEA,EMEA,Hunedoara,Deva,N/A
3525,France,EU,Central,Ile-de-France,Mantes-la-Ville,N/A
3526,Spain,EU,South,Melilla,Melilla,N/A
3527,France,EU,Central,Ile-de-France,Suresnes,N/A
3528,France,EU,Central,Limousin,Tulle,N/A
3529,United States,US,South,Florida,West Palm Beach,33407.0
3530,United States,US,South,South Carolina,Rock Hill,29730.0
3531,Venezuela,LATAM,South,Cojedes,Tinaquillo,N/A
3532,Uganda,Africa,Africa,Jinja,Jinja,N/A
3533,South Korea,APAC,North Asia,Gangwon,Chuncheon,N/A
3534,Zambia,Africa,Africa,Northern,Kasama,N/A
3535,United States,US,South,Virginia,Charlottesville,22901.0
3536,Nigeria,Africa,Africa,Gombe,Gombe,N/A
3537,Lithuania,EMEA,EMEA,Klaipeda,Klaipeda,N/A
3538,United States,US,East,Connecticut,Shelton,6484.0
3539,China,APAC,North Asia,Jilin,Jiaohe,N/A
3540,United States,US,Central,South Dakota,Aberdeen,57401.0
3541,India,APAC,Central Asia,Haryana,Rohtak,N/A
3542,United States,US,Central,Texas,Grapevine,76051.0
3543,Morocco,Africa,Africa,Doukkala-Abda,El Jadida,N/A
3544,Turkey,EMEA,EMEA,Samsun,Bafra,N/A
3545,Turkey,EMEA,EMEA,Manisa,Salihli,N/A
3546,Brazil,LATAM,South,São Paulo,Campo Limpo Paulista,N/A
3547,India,APAC,Central Asia,Uttar Pradesh,Etawah,N/A
3548,Brazil,LATAM,South,Goiás,Cidade Ocidental,N/A
3549,United States,US,East,Maryland,Hagerstown,21740.0
3550,Netherlands,EU,Central,Limburg,Venlo,N/A
3551,United States,US,West,Arizona,Sierra Vista,85635.0
3552,France,EU,Central,Auvergne,Riom,N/A
3553,Austria,EMEA,EMEA,Styria,Leoben,N/A
3554,United States,US,West,California,Yucaipa,92399.0
3555,South Africa,Africa,Africa,Gauteng,Vereeniging,N/A
3556,Venezuela,LATAM,South,Mérida,Mérida,N/A
3557,Brazil,LATAM,South,Parana,Pato Branco,N/A
3558,United Kingdom,EU,North,England,Dronfield,N/A
3559,United States,US,South,Florida,Boca Raton,33433.0
3560,France,EU,Central,Ile-de-France,Viroflay,N/A
3561,China,APAC,North Asia,Zhejiang,Yuyao,N/A
3562,Brazil,LATAM,South,São Paulo,Mogi das Cruzes,N/A
3563,Bolivia,LATAM,South,Beni,Riberalta,N/A
3564,China,APAC,North Asia,Liaoning,Benxi,N/A
3565,Denmark,EU,North,South Denmark,Sonderborg,N/A
3566,United States,US,West,Utah,Logan,84321.0
3567,Brazil,LATAM,South,Parana,Londrina,N/A
3568,France,EU,Central,Aquitaine,Blanquefort,N/A
3569,United Kingdom,EU,North,England,Ferndown,N/A
3570,Brazil,LATAM,South,Parana,Araucária,N/A
3571,Italy,EU,South,Lombardy,Vigevano,N/A
3572,India,APAC,Central Asia,Tamil Nadu,Ambattur,N/A
3573,Iran,EMEA,EMEA,Sistan Va Baluchestan,Iranshahr,N/A
3574,France,EU,Central,Nord-Pas-de-Calais,Lomme,N/A
3575,United States,US,South,Kentucky,Owensboro,42301.0
3576,Morocco,Africa,Africa,Chaouia-Ouardigha,Berrechid,N/A
3577,Russia,EMEA,EMEA,Bashkortostan,Blagoveshchensk,N/A
3578,Spain,EU,South,Castile and León,Segovia,N/A
3579,United States,US,Central,Iowa,Burlington,52601.0
3580,France,EU,Central,Aquitaine,Dax,N/A
3581,Nigeria,Africa,Africa,Sokoto,Sokoto,N/A
3582,Turkey,EMEA,EMEA,Ardahan,Ardahan,N/A
3583,Italy,EU,South,Piedmont,Cuneo,N/A
3584,United States,US,West,Washington,Longview,98632.0
3585,Cuba,LATAM,Caribbean,Ciego de Ávila,Morón,N/A
3586,France,EU,Central,Ile-de-France,Saint-Gratien,N/A
3587,Iran,EMEA,EMEA,Lorestan,Aligudarz,N/A
3588,Mozambique,Africa,Africa,Cabo Delgado,Pemba,N/A
3589,Colombia,LATAM,South,Huila,Pitalito,N/A
3590,Morocco,Africa,Africa,Guelmim-Es Semara,Guelmim,N/A
3591,Canada,Canada,Canada,Quebec,Gatineau,N/A
3592,South Korea,APAC,North Asia,South Chungcheong,Cheonan,N/A
3593,Syria,EMEA,EMEA,Ar Raqqah,Ar Raqqah,N/A
3594,Brazil,LATAM,South,Paraíba,Campina Grande,N/A
3595,Germany,EU,Central,Saxony,Zwickau,N/A
3596,Turkey,EMEA,EMEA,Yalova,Yalova,N/A
3597,Bulgaria,EMEA,EMEA,Pleven,Pleven,N/A
3598,Turkey,EMEA,EMEA,Manisa,Akhisar,N/A
3599,Romania,EMEA,EMEA,Suceava,Suceava,N/A
3600,Nigeria,Africa,Africa,Ogun,Abeokuta,N/A
3601,United Kingdom,EU,North,England,Chapel Allerton,N/A
3602,Madagascar,Africa,Africa,Atsimo-Andrefana,Toliara,N/A
3603,South Africa,Africa,Africa,Mpumalanga,Volksrust,N/A
3604,Netherlands,EU,Central,Utrecht,Veenendaal,N/A
3605,Brazil,LATAM,South,Pernambuco,Camaragibe,N/A
3606,China,APAC,North Asia,Shanxi,Yuncheng,N/A
3607,United States,US,West,New Mexico,Santa Fe,87505.0
3608,Chile,LATAM,South,Valparaíso,San Antonio,N/A
3609,Italy,EU,South,Calabria,Crotone,N/A
3610,France,EU,Central,Ile-de-France,Montigny-le-Bretonneux,N/A
3611,Colombia,LATAM,South,Atlántico,Sabanalarga,N/A
3612,Brazil,LATAM,South,Minas Gerais,Uberlândia,N/A
3613,France,EU,Central,Ile-de-France,Chilly-Mazarin,N/A
3614,Angola,Africa,Africa,Malanje,Malanje,N/A
3615,China,APAC,North Asia,Hebei,Langfang,N/A
3616,Venezuela,LATAM,South,Miranda,Cúa,N/A
3617,Japan,APAC,North Asia,Aichi,Anjo,N/A
3618,Russia,EMEA,EMEA,Dagestan,Khasavyurt,N/A
3619,Brazil,LATAM,South,Bahia,Simões Filho,N/A
3620,France,EU,Central,Languedoc-Roussillon,Lattes,N/A
3621,Dominican Republic,LATAM,Caribbean,Monseñor Nouel,Bonao,N/A
3622,United States,US,Central,Texas,Garland,75043.0
3623,United States,US,Central,Texas,Frisco,75034.0
3624,United States,US,West,California,Antioch,94509.0
3625,Zimbabwe,Africa,Africa,Harare,Epworth,N/A
3626,Tanzania,Africa,Africa,Mbeya,Igurusi,N/A
3627,France,EU,Central,Provence-Alpes-Côte d'Azur,La Crau,N/A
3628,Brazil,LATAM,South,Amazonas,Parintins,N/A
3629,Madagascar,Africa,Africa,Atsinanana,Toamasina,N/A
3630,Belgium,EU,Central,Limburg,Peer,N/A
3631,China,APAC,North Asia,Jilin,Liaoyuan,N/A
3632,United Kingdom,EU,North,England,Darlington,N/A
3633,Bangladesh,APAC,Central Asia,Dhaka,Narsingdi,N/A
3634,Nigeria,Africa,Africa,Katsina,Katsina,N/A
3635,Paraguay,LATAM,South,Central,Lambaré,N/A
3636,United States,US,Central,Wisconsin,West Allis,53214.0
3637,United States,US,West,California,Escondido,92025.0
3638,France,EU,Central,Provence-Alpes-Côte d'Azur,Digne-les-Bains,N/A
3639,India,APAC,Central Asia,Rajasthan,Bharatpur,N/A
3640,Brazil,LATAM,South,Minas Gerais,Novo Cruzeiro,N/A
3641,Mongolia,APAC,North Asia,Ulaanbaatar,Ulan Bator,N/A
3642,Brazil,LATAM,South,São Paulo,Araraquara,N/A
3643,South Africa,Africa,Africa,Gauteng,Boksburg,N/A
3644,Brazil,LATAM,South,Pernambuco,Igarassu,N/A
3645,Chile,LATAM,South,Biobio,Los Ángeles,N/A
3646,France,EU,Central,Centre,Saint-Jean-de-la-Ruelle,N/A
3647,Togo,Africa,Africa,Kara,Kara,N/A
3648,France,EU,Central,Nord-Pas-de-Calais,Loos,N/A
3649,United States,US,Central,Illinois,Danville,61832.0
3650,United States,US,Central,Wisconsin,Waukesha,53186.0
3651,Uruguay,LATAM,South,Rivera,Rivera,N/A
3652,United States,US,South,Tennessee,Bartlett,38134.0
3653,Iran,EMEA,EMEA,South Khorasan,Birjand,N/A
3654,Germany,EU,Central,North Rhine-Westphalia,Detmold,N/A
3655,China,APAC,North Asia,Shandong,Binzhou,N/A
3656,United States,US,East,New Hampshire,Nashua,3060.0
3657,Liberia,Africa,Africa,Grand Gedeh,Zwedru,N/A
3658,Egypt,Africa,Africa,Suhaj,Akhmim,N/A
3659,Spain,EU,South,Castile-La Mancha,Cuenca,N/A
3660,Turkey,EMEA,EMEA,Sanliurfa,Viransehir,N/A
3661,Venezuela,LATAM,South,Miranda,Guarenas,N/A
3662,Venezuela,LATAM,South,Anzoátegui,El Tigre,N/A
3663,Iran,EMEA,EMEA,Tehran,Varamin,N/A
3664,Morocco,Africa,Africa,Tanger-Tétouan,Larache,N/A
3665,Argentina,LATAM,South,Catamarca,San Fernando del Valle de Catamarca,N/A
3666,Poland,EMEA,EMEA,Opole,Nysa,N/A
3667,Italy,EU,South,Campania,Battipaglia,N/A
3668,Italy,EU,South,Apulia,Andria,N/A
3669,Italy,EU,South,Campania,Castellammare di Stabia,N/A
3670,Turkey,EMEA,EMEA,Ankara,Cubuk,N/A
3671,Switzerland,EU,Central,St. Gallen,St. Gallen,N/A
3672,Brazil,LATAM,South,São Paulo,Cubatão,N/A
3673,Germany,EU,Central,Bavaria,Günzburg,N/A
3674,Brazil,LATAM,South,Minas Gerais,Pouso Alegre,N/A
3675,France,EU,Central,Aquitaine,Bergerac,N/A
3676,Brazil,LATAM,South,Tocantins,Gurupi,N/A
3677,France,EU,Central,Pays de la Loire,Fontenay-le-Comte,N/A
3678,Venezuela,LATAM,South,Aragua,Cagua,N/A
3679,United States,US,West,Montana,Bozeman,59715.0
3680,Peru,LATAM,South,Piura,Paita,N/A
3681,Peru,LATAM,South,Piura,Talara,N/A
3682,China,APAC,North Asia,Shanxi,Yangquan,N/A
3683,China,APAC,North Asia,Hubei,Suizhou,N/A
3684,United Kingdom,EU,North,England,Kidderminster,N/A
3685,United States,US,Central,Michigan,Mount Pleasant,48858.0
3686,Ghana,Africa,Africa,Central,Cape Coast,N/A
3687,Brazil,LATAM,South,Goiás,Catalão,N/A
3688,Japan,APAC,North Asia,Nagano,Ueda,N/A
3689,United States,US,Central,Indiana,Portage,46368.0
3690,Turkey,EMEA,EMEA,Afyonkarahisar,Afyon,N/A
3691,Turkey,EMEA,EMEA,Karaman,Karaman,N/A
3692,Japan,APAC,North Asia,Kanagawa,Chigasaki,N/A
3693,United States,US,East,New Jersey,Bridgeton,8302.0
3694,Yemen,EMEA,EMEA,Al Hudaydah,Al Hudaydah,N/A
3695,Ukraine,EMEA,EMEA,Luhans'k,Krasnyy Luch,N/A
3696,Ukraine,EMEA,EMEA,Ivano-Frankivsk,Kalush,N/A
3697,France,EU,Central,Pays de la Loire,La Chapelle-sur-Erdre,N/A
3698,Japan,APAC,North Asia,Hyogo,Kita-ku,N/A
3699,United States,US,West,Oregon,Medford,97504.0
3700,Niger,Africa,Africa,Diffa,Nguigmi,N/A
3701,Nigeria,Africa,Africa,Ondo,Akure,N/A
3702,India,APAC,Central Asia,Maharashtra,Latur,N/A
3703,United States,US,Central,Illinois,Tinley Park,60477.0
3704,United States,US,East,Pennsylvania,Altoona,16602.0
3705,France,EU,Central,Franche-Comté,Dole,N/A
3706,France,EU,Central,Ile-de-France,Lagny-sur-Marne,N/A
3707,Italy,EU,South,Marche,Falconara Marittima,N/A
3708,Turkey,EMEA,EMEA,Kastamonu,Kastamonu,N/A
3709,Turkey,EMEA,EMEA,Kilis,Kilis,N/A
3710,Iran,EMEA,EMEA,Razavi Khorasan,Neyshabur,N/A
3711,India,APAC,Central Asia,Haryana,Karnal,N/A
3712,Romania,EMEA,EMEA,Caras-Severin,Resita,N/A
3713,France,EU,Central,Alsace,Illkirch-Graffenstaden,N/A
3714,Brazil,LATAM,South,Espírito Santo,Linhares,N/A
3715,Spain,EU,South,Galicia,Ponteareas,N/A
3716,China,APAC,North Asia,Henan,Hebi,N/A
3717,Poland,EMEA,EMEA,Lubusz,Gorzow Wielkopolski,N/A
3718,United States,US,Central,Wisconsin,Sheboygan,53081.0
3719,Netherlands,EU,Central,South Holland,Leiden,N/A
3720,Turkey,EMEA,EMEA,Usak,Usak,N/A
3721,Venezuela,LATAM,South,Guárico,Calabozo,N/A
3722,Brazil,LATAM,South,São Paulo,Jaboticabal,N/A
3723,Peru,LATAM,South,Ancash,Huaraz,N/A
3724,India,APAC,Central Asia,Andhra Pradesh,Kakinada,N/A
3725,United States,US,West,Washington,Bellevue,98006.0
3726,Kazakhstan,EMEA,EMEA,Almaty,Taldyqorghan,N/A
3727,Canada,Canada,Canada,Ontario,Brantford,N/A
3728,China,APAC,North Asia,Shandong,Zaozhuang,N/A
3729,Brazil,LATAM,South,Mato Grosso,Sinop,N/A
3730,Albania,EMEA,EMEA,Korçë,Korce,N/A
3731,Italy,EU,South,Abruzzi,Teramo,N/A
3732,South Africa,Africa,Africa,Gauteng,Krugersdorp,N/A
3733,Indonesia,APAC,Southeast Asia,Maluku,Ambon,N/A
3734,United States,US,East,Connecticut,Danbury,6810.0
3735,Colombia,LATAM,South,Casanare,Yopal,N/A
3736,United Kingdom,EU,North,England,Morley,N/A
3737,France,EU,Central,Ile-de-France,Avon,N/A
3738,Japan,APAC,North Asia,Kanagawa,Fujisawa,N/A
3739,France,EU,Central,Rhône-Alpes,Voiron,N/A
3740,United States,US,West,California,Davis,95616.0
3741,Argentina,LATAM,South,Provincia de Buenos Aires,Necochea,N/A
3742,Venezuela,LATAM,South,Táchira,San Cristóbal,N/A
3743,United States,US,West,Washington,Redmond,98052.0
3744,Mozambique,Africa,Africa,Inhambane,Maxixe,N/A
3745,Brazil,LATAM,South,Parana,Guarapuava,N/A
3746,Brazil,LATAM,South,Bahia,Vitória da Conquista,N/A
3747,China,APAC,North Asia,Hubei,Xiantao,N/A
3748,Egypt,Africa,Africa,Matruh,Marsa Matruh,N/A
3749,Canada,Canada,Canada,Ontario,Burlington,N/A
3750,Italy,EU,South,Sicily,Ragusa,N/A
3751,France,EU,Central,Aquitaine,Cestas,N/A
3752,United States,US,East,Maine,Lewiston,4240.0
3753,China,APAC,North Asia,Hebei,Renqiu,N/A
3754,France,EU,Central,Languedoc-Roussillon,Sète,N/A
3755,Japan,APAC,North Asia,Tottori,Tottori,N/A
3756,Iran,EMEA,EMEA,Semnan,Semnan,N/A
3757,Brazil,LATAM,South,Ceará,Crato,N/A
3758,Croatia,EMEA,EMEA,Osjecko-Baranjska,Osijek,N/A
3759,Turkey,EMEA,EMEA,Rize,Rize,N/A
3760,Mexico,LATAM,North,Veracruz,Altotonga,N/A
3761,Brazil,LATAM,South,São Paulo,Cosmópolis,N/A
3762,United States,US,West,Colorado,Greeley,80634.0
3763,Italy,EU,South,Apulia,Manfredonia,N/A
3764,Italy,EU,South,Tuscany,Massa,N/A
3765,Denmark,EU,North,Central Jutland,Randers,N/A
3766,United States,US,Central,Michigan,Royal Oak,48073.0
3767,Kazakhstan,EMEA,EMEA,Zhambyl,Taraz,N/A
3768,Brazil,LATAM,South,Goiás,Jataí,N/A
3769,France,EU,Central,Rhône-Alpes,Aix-les-Bains,N/A
3770,United States,US,West,Montana,Billings,59102.0
3771,Nigeria,Africa,Africa,Ebonyi,Abakaliki,N/A
3772,India,APAC,Central Asia,Uttar Pradesh,Shahjahanpur,N/A
3773,Mexico,LATAM,North,Puebla,Izúcar de Matamoros,N/A
3774,Brazil,LATAM,South,Rio de Janeiro,Seropédica,N/A
3775,United States,US,South,North Carolina,Chapel Hill,27514.0
3776,Israel,EMEA,EMEA,Central,Rehovot,N/A
3777,Colombia,LATAM,South,Córdoba,Montería,N/A
3778,United States,US,South,Florida,Margate,33063.0
3779,United States,US,West,California,Dublin,94568.0
3780,France,EU,Central,Provence-Alpes-Côte d'Azur,Sorgues,N/A
3781,Turkey,EMEA,EMEA,Sirnak,Cizre,N/A
3782,Turkey,EMEA,EMEA,Aydin,Aydin,N/A
3783,Tanzania,Africa,Africa,Kigoma,Kigoma,N/A
3784,Netherlands,EU,Central,North Brabant,Oss,N/A
3785,Portugal,EU,South,Lisboa,Odivelas,N/A
3786,Iran,EMEA,EMEA,Razavi Khorasan,Gonabad,N/A
3787,Chile,LATAM,South,Antofagasta,Calama,N/A
3788,Algeria,Africa,Africa,Djelfa,Dar Chioukh,N/A
3789,United States,US,East,Ohio,Cuyahoga Falls,44221.0
3790,United States,US,Central,Texas,Missouri City,77489.0
3791,United States,US,West,Colorado,Loveland,80538.0
3792,Macedonia,EMEA,EMEA,Bitola,Bitola,N/A
3793,New Zealand,APAC,Oceania,Manawatu-Wanganui,Levin,N/A
3794,Turkey,EMEA,EMEA,Edirne,Edirne,N/A
3795,United States,US,Central,Texas,Deer Park,77536.0
3796,United States,US,South,Florida,North Miami,33161.0
3797,Bulgaria,EMEA,EMEA,Pernik,Pernik,N/A
3798,Rwanda,Africa,Africa,Southern,Gitarama,N/A
3799,United States,US,South,Florida,Pensacola,32503.0
3800,Japan,APAC,North Asia,Nagano,Matsumoto,N/A
3801,Poland,EMEA,EMEA,Silesia,Jastrzebie Zdroj,N/A
3802,Brazil,LATAM,South,São Paulo,Franco da Rocha,N/A
3803,Benin,Africa,Africa,Mono,Lokossa,N/A
3804,Germany,EU,Central,North Rhine-Westphalia,Stadtlohn,N/A
3805,United States,US,Central,Texas,Baytown,77520.0
3806,China,APAC,North Asia,Heilongjiang,Binzhou,N/A
3807,United States,US,Central,Iowa,Waterloo,50701.0
3808,United States,US,West,Arizona,Bullhead City,86442.0
3809,Colombia,LATAM,South,Antioquia,Envigado,N/A
3810,India,APAC,Central Asia,Delhi,New Delhi,N/A
3811,Turkey,EMEA,EMEA,Mardin,Midyat,N/A
3812,Zimbabwe,Africa,Africa,Manicaland,Mutare,N/A
3813,United States,US,South,Florida,Port Orange,32127.0
3814,United States,US,Central,Illinois,Arlington Heights,60004.0
3815,Russia,EMEA,EMEA,Kaluga,Obninsk,N/A
3816,United States,US,East,New Jersey,New Brunswick,8901.0
3817,Egypt,Africa,Africa,Kafr Ash Shaykh,Kafr ash Shaykh,N/A
3818,United States,US,Central,Nebraska,Norfolk,68701.0
3819,Belarus,EMEA,EMEA,Homyel',Zhlobin,N/A
3820,United States,US,Central,Iowa,Iowa City,52240.0
3821,United States,US,Central,Nebraska,Grand Island,68801.0
3822,United States,US,South,Arkansas,Springdale,72762.0
3823,United States,US,Central,Texas,Keller,76248.0
3824,United States,US,Central,Illinois,Oak Park,60302.0
3825,Canada,Canada,Canada,Ontario,Barrie,N/A
3826,Brazil,LATAM,South,Mato Grosso,Sorriso,N/A
3827,France,EU,Central,Midi-Pyrénées,Millau,N/A
3828,United States,US,East,New Jersey,Atlantic City,8401.0
3829,Sudan,Africa,Africa,Gezira,Al Manaqil,N/A
3830,United States,US,Central,Illinois,Romeoville,60441.0
3831,Spain,EU,South,Andalusía,Torremolinos,N/A
3832,Brazil,LATAM,South,Maranhão,Buriticupu,N/A
3833,Uganda,Africa,Africa,Kabarole,Fort Portal,N/A
3834,South Africa,Africa,Africa,Gauteng,Vanderbijlpark,N/A
3835,Argentina,LATAM,South,Salta,Tartagal,N/A
3836,United States,US,West,Utah,Layton,84041.0
3837,United States,US,East,Ohio,Elyria,44035.0
3838,United States,US,South,Florida,Jupiter,33458.0
3839,United States,US,West,Washington,Everett,98208.0
3840,France,EU,Central,Ile-de-France,Osny,N/A
3841,United States,US,West,Washington,Auburn,98002.0
3842,United States,US,South,Florida,Ormond Beach,32174.0
3843,United States,US,West,California,San Luis Obispo,93405.0
3844,United States,US,Central,Texas,Abilene,79605.0
3845,Turkey,EMEA,EMEA,Kayseri,Felahiye,N/A
3846,United States,US,West,Idaho,Lewiston,83501.0
3847,Zimbabwe,Africa,Africa,Matabeleland North,Victoria Falls,N/A
